species,file_title,url,sha1,width,height,author,license,source_page,shot_type_guess
Acanthurus coeruleus,"File:Acanthurus coeruleus (blue tang) (San Salvador Island, Bahamas) 2 (15527673164).jpg",https://upload.wikimedia.org/wikipedia/commons/f/fa/Acanthurus_coeruleus_%28blue_tang%29_%28San_Salvador_Island%2C_Bahamas%29_2_%2815527673164%29.jpg?utm_source=commons.wikimedia.org&utm_campaign=imageinfo&utm_content=original,99e7715e8dd02f9eaa350648dd687a01ce9e66c7,4000,3000,James St. John,CC BY 2.0,"https://commons.wikimedia.org/wiki/File:Acanthurus_coeruleus_(blue_tang)_(San_Salvador_Island,_Bahamas)_2_(15527673164).jpg",in_situ
Acanthurus coeruleus,"File:Acanthurus coeruleus (blue tang) (San Salvador Island, Bahamas) 3 (16124205076).jpg",https://upload.wikimedia.org/wikipedia/commons/0/07/Acanthurus_coeruleus_%28blue_tang%29_%28San_Salvador_Island%2C_Bahamas%29_3_%2816124205076%29.jpg?utm_source=commons.wikimedia.org&utm_campaign=imageinfo&utm_content=original,a56fbe23bbb21878f8d0d205f6e50c808579a312,4000,3000,James St. John,CC BY 2.0,"https://commons.wikimedia.org/wiki/File:Acanthurus_coeruleus_(blue_tang)_(San_Salvador_Island,_Bahamas)_3_(16124205076).jpg",in_situ
Acanthurus coeruleus,File:Acanthurus coeruleus - Reef1579.jpg,https://upload.wikimedia.org/wikipedia/commons/d/de/Acanthurus_coeruleus_-_Reef1579.jpg?utm_source=commons.wikimedia.org&utm_campaign=imageinfo&utm_content=original,42741c0596680c3ac652049b38a7dfcbf2efb2af,3376,2285,NOAA Photo Library,CC BY 2.0,https://commons.wikimedia.org/wiki/File:Acanthurus_coeruleus_-_Reef1579.jpg,in_situ
Chromis viridis,File:Chromis reef fish and staghorn coral at Palmyra Atoll NWR (5123997274).jpg,https://upload.wikimedia.org/wikipedia/commons/1/17/Chromis_reef_fish_and_staghorn_coral_at_Palmyra_Atoll_NWR_%285123997274%29.jpg?utm_source=commons.wikimedia.org&utm_campaign=imageinfo&utm_content=original,7e8788415aae3521dd6381905d0772def25465fd,2560,1920,U.S. Fish and Wildlife Service Headquarters,Public domain,https://commons.wikimedia.org/wiki/File:Chromis_reef_fish_and_staghorn_coral_at_Palmyra_Atoll_NWR_(5123997274).jpg,in_situ
Chromis viridis,File:GreenChromisSchool.jpg,https://upload.wikimedia.org/wikipedia/commons/9/98/GreenChromisSchool.jpg?utm_source=commons.wikimedia.org&utm_campaign=imageinfo&utm_content=original,9d190782249423a55d2172ac585079703d4d53e7,1024,768,Richard Ling,CC BY-SA 2.0,https://commons.wikimedia.org/wiki/File:GreenChromisSchool.jpg,in_situ
Chromis viridis,File:GreenChromisSchool crop.jpg,https://upload.wikimedia.org/wikipedia/commons/c/c4/GreenChromisSchool_crop.jpg?utm_source=commons.wikimedia.org&utm_campaign=imageinfo&utm_content=original,678b66d35245e8fc27b076740512e6819557f501,1024,485,Richard Ling,CC BY-SA 2.0,https://commons.wikimedia.org/wiki/File:GreenChromisSchool_crop.jpg,in_situ
Haemulon flavolineatum,"File:Haemulon flavolineatum (French grunts) (San Salvador Island, Bahamas) 2 (15560396804).jpg",https://upload.wikimedia.org/wikipedia/commons/9/9a/Haemulon_flavolineatum_%28French_grunts%29_%28San_Salvador_Island%2C_Bahamas%29_2_%2815560396804%29.jpg?utm_source=commons.wikimedia.org&utm_campaign=imageinfo&utm_content=original,0bd6ffb1d72730dbd974f9215bdb0246cd27c7c7,3580,2200,James St. John,CC BY 2.0,"https://commons.wikimedia.org/wiki/File:Haemulon_flavolineatum_(French_grunts)_(San_Salvador_Island,_Bahamas)_2_(15560396804).jpg",in_situ
Haemulon flavolineatum,File:Haemulon flavolineatum - Haemulon flavolineatumReef1581.jpg,https://upload.wikimedia.org/wikipedia/commons/6/6f/Haemulon_flavolineatum_-_Haemulon_flavolineatumReef1581.jpg?utm_source=commons.wikimedia.org&utm_campaign=imageinfo&utm_content=original,53c54d60eb11734c431411eecd7e0db450f100b3,3196,2135,NOAA Photo Library,CC BY 2.0,https://commons.wikimedia.org/wiki/File:Haemulon_flavolineatum_-_Haemulon_flavolineatumReef1581.jpg,in_situ
Haemulon flavolineatum,File:Haemulon flavolineatum - Reef1752.jpg,https://upload.wikimedia.org/wikipedia/commons/6/6d/Haemulon_flavolineatum_-_Reef1752.jpg?utm_source=commons.wikimedia.org&utm_campaign=imageinfo&utm_content=original,65fc988b761384da88d89a8f41fae8115eee1a39,3072,2304,NOAA Photo Library,CC BY 2.0,https://commons.wikimedia.org/wiki/File:Haemulon_flavolineatum_-_Reef1752.jpg,in_situ
Triaenodon obesus,"File:Tiburones de arrecife de punta blanca (Triaenodon obesus), Nosy Tanikely, Madagascar, 2025-09-19, DD 119.jpg",https://upload.wikimedia.org/wikipedia/commons/f/f6/Tiburones_de_arrecife_de_punta_blanca_%28Triaenodon_obesus%29%2C_Nosy_Tanikely%2C_Madagascar%2C_2025-09-19%2C_DD_119.jpg?utm_source=commons.wikimedia.org&utm_campaign=imageinfo&utm_content=original,e443cb039c82a8be96edc8f4445cbbacc2dde63c,8688,4520,Diego Delso,CC BY-SA 4.0,"https://commons.wikimedia.org/wiki/File:Tiburones_de_arrecife_de_punta_blanca_(Triaenodon_obesus),_Nosy_Tanikely,_Madagascar,_2025-09-19,_DD_119.jpg",in_situ
Triaenodon obesus,"File:Tiburones de arrecife de punta blanca (Triaenodon obesus), Nosy Tanikely, Madagascar, 2025-09-19, DD 118.jpg",https://upload.wikimedia.org/wikipedia/commons/d/d2/Tiburones_de_arrecife_de_punta_blanca_%28Triaenodon_obesus%29%2C_Nosy_Tanikely%2C_Madagascar%2C_2025-09-19%2C_DD_118.jpg?utm_source=commons.wikimedia.org&utm_campaign=imageinfo&utm_content=original,c602e491964300dd2e4851a2fe75ad2586e7aa39,7661,4227,Diego Delso,CC BY-SA 4.0,"https://commons.wikimedia.org/wiki/File:Tiburones_de_arrecife_de_punta_blanca_(Triaenodon_obesus),_Nosy_Tanikely,_Madagascar,_2025-09-19,_DD_118.jpg",in_situ
Triaenodon obesus,"File:Tiburón de arrecife de punta blanca (Triaenodon obesus), Cabo San Lucas, Baja California, México, 2024-12-18, DD 83.jpg",https://upload.wikimedia.org/wikipedia/commons/1/1b/Tibur%C3%B3n_de_arrecife_de_punta_blanca_%28Triaenodon_obesus%29%2C_Cabo_San_Lucas%2C_Baja_California%2C_M%C3%A9xico%2C_2024-12-18%2C_DD_83.jpg?utm_source=commons.wikimedia.org&utm_campaign=imageinfo&utm_content=original,cdcb23af17cc568e6ef562eb23e4b57a63e72a9b,6790,4527,Diego Delso,CC BY-SA 4.0,"https://commons.wikimedia.org/wiki/File:Tibur%C3%B3n_de_arrecife_de_punta_blanca_(Triaenodon_obesus),_Cabo_San_Lucas,_Baja_California,_M%C3%A9xico,_2024-12-18,_DD_83.jpg",in_situ
Platax teira,File:Batfish at masiwa.jpg,https://upload.wikimedia.org/wikipedia/commons/0/0f/Batfish_at_masiwa.jpg?utm_source=commons.wikimedia.org&utm_campaign=imageinfo&utm_content=original,bc61d3390ec7dad069e5e6aa79df69ccf5617afe,596,768,Hein waschefort,CC BY-SA 3.0,https://commons.wikimedia.org/wiki/File:Batfish_at_masiwa.jpg,in_situ
Platax teira,File:Longfin spadefish (Platax teira) (47771153441).jpg,https://upload.wikimedia.org/wikipedia/commons/8/80/Longfin_spadefish_%28Platax_teira%29_%2847771153441%29.jpg?utm_source=commons.wikimedia.org&utm_campaign=imageinfo&utm_content=original,a1b20d0f3016e5ca214753fed71c64f26ab63b2c,5184,3888,Rickard Zerpe,CC BY 2.0,https://commons.wikimedia.org/wiki/File:Longfin_spadefish_(Platax_teira)_(47771153441).jpg,unknown
Platax teira,File:Batfish - 36891401103.jpg,https://upload.wikimedia.org/wikipedia/commons/a/ae/Batfish_-_36891401103.jpg?utm_source=commons.wikimedia.org&utm_campaign=imageinfo&utm_content=original,0f271a5c2f2e3ee3971ea1f0be6b2f9f72947ba3,4496,3000,lwolfartist,CC BY 2.0,https://commons.wikimedia.org/wiki/File:Batfish_-_36891401103.jpg,unknown
Abudefduf saxatilis,File:Abudefduf saxatilis - Reef1572.jpg,https://upload.wikimedia.org/wikipedia/commons/8/89/Abudefduf_saxatilis_-_Reef1572.jpg?utm_source=commons.wikimedia.org&utm_campaign=imageinfo&utm_content=original,f0efaa171ff06752d5cb689836c61e075d1215a7,2938,2056,NOAA Photo Library,CC BY 2.0,https://commons.wikimedia.org/wiki/File:Abudefduf_saxatilis_-_Reef1572.jpg,in_situ
Abudefduf saxatilis,File:Fish at Molasses Reef 20080309.jpg,https://upload.wikimedia.org/wikipedia/commons/6/6c/Fish_at_Molasses_Reef_20080309.jpg?utm_source=commons.wikimedia.org&utm_campaign=imageinfo&utm_content=original,eac6dbd4fed7920c3b9fcbe36314b964e502b44c,2816,2112,Jim Stuby (talk),Public domain,https://commons.wikimedia.org/wiki/File:Fish_at_Molasses_Reef_20080309.jpg,in_situ
Abudefduf saxatilis,"File:School of Gruntfish and Sergeant Majors on Pickles Reef, Key Largo (15275816787).jpg",https://upload.wikimedia.org/wikipedia/commons/c/c7/School_of_Gruntfish_and_Sergeant_Majors_on_Pickles_Reef%2C_Key_Largo_%2815275816787%29.jpg?utm_source=commons.wikimedia.org&utm_campaign=imageinfo&utm_content=original,64c41a2b796062c6dcd57a0f27dc8dec172951c7,2736,3648,"Matt Kieffer from London, United Kingdom",CC BY-SA 2.0,"https://commons.wikimedia.org/wiki/File:School_of_Gruntfish_and_Sergeant_Majors_on_Pickles_Reef,_Key_Largo_(15275816787).jpg",in_situ
Haemulon sciurus,File:Grunts 9-ft 2010.jpg,https://upload.wikimedia.org/wikipedia/commons/b/bd/Grunts_9-ft_2010.jpg?utm_source=commons.wikimedia.org&utm_campaign=imageinfo&utm_content=original,cdfe23229c29d0c08d1dfeddfa677f651fbf55fa,2112,2816,Jstuby at English Wikipedia,Public domain,https://commons.wikimedia.org/wiki/File:Grunts_9-ft_2010.jpg,in_situ
Haemulon sciurus,File:Grouper 2 Molasses Reef 1999.jpg,https://upload.wikimedia.org/wikipedia/commons/9/90/Grouper_2_Molasses_Reef_1999.jpg?utm_source=commons.wikimedia.org&utm_campaign=imageinfo&utm_content=original,60ab83e15b1a06fed35111206e58ca8d7e5a62a1,833,569,Jstuby,CC0,https://commons.wikimedia.org/wiki/File:Grouper_2_Molasses_Reef_1999.jpg,in_situ
Haemulon sciurus,File:Grouper 1 Molasses Reef 1999.jpg,https://upload.wikimedia.org/wikipedia/commons/2/25/Grouper_1_Molasses_Reef_1999.jpg?utm_source=commons.wikimedia.org&utm_campaign=imageinfo&utm_content=original,a2e33fb1c4747749622978858627b34e2cf1f9dd,528,544,Jstuby,CC0,https://commons.wikimedia.org/wiki/File:Grouper_1_Molasses_Reef_1999.jpg,in_situ
Aetobatus narinari,File:2 Eagle Rays.jpg,https://upload.wikimedia.org/wikipedia/commons/0/08/2_Eagle_Rays.jpg?utm_source=commons.wikimedia.org&utm_campaign=imageinfo&utm_content=original,d25660981709cb3cad8f60c9551060f236fc35f8,795,735,Johnmartindavies,CC BY-SA 3.0,https://commons.wikimedia.org/wiki/File:2_Eagle_Rays.jpg,in_situ
Aetobatus narinari,File:Adlerrochen. Spotted Eagle Ray.Орляковый скат.DSCF1502BE.jpg,https://upload.wikimedia.org/wikipedia/commons/b/b9/Adlerrochen._Spotted_Eagle_Ray.%D0%9E%D1%80%D0%BB%D1%8F%D0%BA%D0%BE%D0%B2%D1%8B%D0%B9_%D1%81%D0%BA%D0%B0%D1%82.DSCF1502BE.jpg?utm_source=commons.wikimedia.org&utm_campaign=imageinfo&utm_content=original,b1e0e9b10484674e5c8fb6a9a8507f097327051a,3198,2114,Kora27,CC BY-SA 4.0,https://commons.wikimedia.org/wiki/File:Adlerrochen._Spotted_Eagle_Ray.%D0%9E%D1%80%D0%BB%D1%8F%D0%BA%D0%BE%D0%B2%D1%8B%D0%B9_%D1%81%D0%BA%D0%B0%D1%82.DSCF1502BE.jpg,unknown
Aetobatus narinari,File:Adlerrochen. Spotted Eagle Ray. Орляковый скат.DSCF7770ВЕ.jpg,https://upload.wikimedia.org/wikipedia/commons/7/79/Adlerrochen._Spotted_Eagle_Ray._%D0%9E%D1%80%D0%BB%D1%8F%D0%BA%D0%BE%D0%B2%D1%8B%D0%B9_%D1%81%D0%BA%D0%B0%D1%82.DSCF7770%D0%92%D0%95.jpg?utm_source=commons.wikimedia.org&utm_campaign=imageinfo&utm_content=original,20cffe56422824566886e33ab627ea531208595b,2567,2288,Kora27,CC BY-SA 4.0,https://commons.wikimedia.org/wiki/File:Adlerrochen._Spotted_Eagle_Ray._%D0%9E%D1%80%D0%BB%D1%8F%D0%BA%D0%BE%D0%B2%D1%8B%D0%B9_%D1%81%D0%BA%D0%B0%D1%82.DSCF7770%D0%92%D0%95.jpg,unknown
Sphyrna lewini,File:Scalloped Hammerhead Shark Sphyrna Lewini (223125973).jpeg,https://upload.wikimedia.org/wikipedia/commons/9/90/Scalloped_Hammerhead_Shark_Sphyrna_Lewini_%28223125973%29.jpeg?utm_source=commons.wikimedia.org&utm_campaign=imageinfo&utm_content=original,58104e56f1978c2a8f905a35af6778c37cc2bcd3,2048,1153,Kris Mikael Krister,CC BY 3.0,https://commons.wikimedia.org/wiki/File:Scalloped_Hammerhead_Shark_Sphyrna_Lewini_(223125973).jpeg,in_situ
Sphyrna lewini,File:Scalloped Hammerhead Shark Sphyrna Lewini (226845659).jpeg,https://upload.wikimedia.org/wikipedia/commons/b/bf/Scalloped_Hammerhead_Shark_Sphyrna_Lewini_%28226845659%29.jpeg?utm_source=commons.wikimedia.org&utm_campaign=imageinfo&utm_content=original,b5de2ce1aa99a07461f8dee93b7372203d114b68,2048,1153,Kris Mikael Krister,CC BY 3.0,https://commons.wikimedia.org/wiki/File:Scalloped_Hammerhead_Shark_Sphyrna_Lewini_(226845659).jpeg,in_situ
Sphyrna lewini,File:Reef3303 (27688506694).jpg,https://upload.wikimedia.org/wikipedia/commons/f/f8/Reef3303_%2827688506694%29.jpg?utm_source=commons.wikimedia.org&utm_campaign=imageinfo&utm_content=original,5867ac9a17994498b678adf542e3e1474a41807d,1737,2314,NOAA Photo Library,Public domain,https://commons.wikimedia.org/wiki/File:Reef3303_(27688506694).jpg,in_situ
Carcharhinus plumbeus,File:Mandalay Bay Shark Reef Las Vegas - 8114500529.jpg,https://upload.wikimedia.org/wikipedia/commons/f/f1/Mandalay_Bay_Shark_Reef_Las_Vegas_-_8114500529.jpg?utm_source=commons.wikimedia.org&utm_campaign=imageinfo&utm_content=original,ea83d87b4fa7be241ab2649b4789eaa1d5c1163d,1280,987,big-ashb,CC BY 2.0,https://commons.wikimedia.org/wiki/File:Mandalay_Bay_Shark_Reef_Las_Vegas_-_8114500529.jpg,in_situ
Carcharhinus plumbeus,File:Sandbar shark seaworld2.jpg,https://upload.wikimedia.org/wikipedia/commons/9/92/Sandbar_shark_seaworld2.jpg?utm_source=commons.wikimedia.org&utm_campaign=imageinfo&utm_content=original,dbf81026e8a312819aeb899f5fc1d1b0776d9a7a,1066,1600,"Josh Hallett from Winter Haven, FL, USA",CC BY 2.0,https://commons.wikimedia.org/wiki/File:Sandbar_shark_seaworld2.jpg,in_situ
Carcharhinus plumbeus,File:Sandbar shark seaworld.jpg,https://upload.wikimedia.org/wikipedia/commons/c/c8/Sandbar_shark_seaworld.jpg?utm_source=commons.wikimedia.org&utm_campaign=imageinfo&utm_content=original,f7ddb3500e1334fd12e11d31982456ebb70734ee,927,618,"Josh Hallett from Winter Haven, FL, USA",CC BY 2.0,https://commons.wikimedia.org/wiki/File:Sandbar_shark_seaworld.jpg,in_situ
Ocyurus chrysurus,File:FKNMS - Catlin in FKNMS (27243126165).jpg,https://upload.wikimedia.org/wikipedia/commons/a/af/FKNMS_-_Catlin_in_FKNMS_%2827243126165%29.jpg?utm_source=commons.wikimedia.org&utm_campaign=imageinfo&utm_content=original,a56596a97ad308563e0a6d5ab2e9efd759453adf,3264,2448,National Marine Sanctuaries,Public domain,https://commons.wikimedia.org/wiki/File:FKNMS_-_Catlin_in_FKNMS_(27243126165).jpg,in_situ
Ocyurus chrysurus,File:Yellowtail Snapper Marker32 2010.jpg,https://upload.wikimedia.org/wikipedia/commons/b/b1/Yellowtail_Snapper_Marker32_2010.jpg?utm_source=commons.wikimedia.org&utm_campaign=imageinfo&utm_content=original,5124d31615c5f93814aa2b132a4a1bad87b3a504,2816,2112,Jstuby,CC0,https://commons.wikimedia.org/wiki/File:Yellowtail_Snapper_Marker32_2010.jpg,in_situ
Ocyurus chrysurus,File:Yellowtail Snapper and Barrel Sponge Alligator Reef 20230711.jpg,https://upload.wikimedia.org/wikipedia/commons/4/46/Yellowtail_Snapper_and_Barrel_Sponge_Alligator_Reef_20230711.jpg?utm_source=commons.wikimedia.org&utm_campaign=imageinfo&utm_content=original,11a0161c6dd2789d2f1841678b1f20ca14a97dcd,2592,1944,Jstuby,CC0,https://commons.wikimedia.org/wiki/File:Yellowtail_Snapper_and_Barrel_Sponge_Alligator_Reef_20230711.jpg,in_situ
Anisotremus virginicus,File:Pork Fish (4387343790).jpg,https://upload.wikimedia.org/wikipedia/commons/e/e0/Pork_Fish_%284387343790%29.jpg?utm_source=commons.wikimedia.org&utm_campaign=imageinfo&utm_content=original,e58b01f1404a70c65b83c037dbc2a8ead695fd63,3885,2271,"Tony Hisgett from Birmingham, UK",CC BY 2.0,https://commons.wikimedia.org/wiki/File:Pork_Fish_(4387343790).jpg,in_situ
Anisotremus virginicus,File:Anisotremus virginicus in Madagascar Reef.jpg,https://upload.wikimedia.org/wikipedia/commons/a/ae/Anisotremus_virginicus_in_Madagascar_Reef.jpg?utm_source=commons.wikimedia.org&utm_campaign=imageinfo&utm_content=original,da0b7dc0b8376a43d4cc924dac2147f6fc6b25c2,1024,726,"Simões, N.; Zarco Perello, S.; Moreno Mendoza, R.",CC BY 4.0,https://commons.wikimedia.org/wiki/File:Anisotremus_virginicus_in_Madagascar_Reef.jpg,in_situ
Anisotremus virginicus,File:Porkfish 9ft Stake 2010.jpg,https://upload.wikimedia.org/wikipedia/commons/5/5b/Porkfish_9ft_Stake_2010.jpg?utm_source=commons.wikimedia.org&utm_campaign=imageinfo&utm_content=original,25d29b57c55d3a3060c4f5684d1e37921a637b2b,960,720,Jstuby,CC0,https://commons.wikimedia.org/wiki/File:Porkfish_9ft_Stake_2010.jpg,in_situ
Haemulon plumierii,"File:Haemulon plumieri (white grunts) (San Salvador Island, Bahamas) 8 (15997134547).jpg",https://upload.wikimedia.org/wikipedia/commons/f/f4/Haemulon_plumieri_%28white_grunts%29_%28San_Salvador_Island%2C_Bahamas%29_8_%2815997134547%29.jpg?utm_source=commons.wikimedia.org&utm_campaign=imageinfo&utm_content=original,44ab378f58fff15dcdc73b4064f40ba7dd7983ea,3800,1980,James St. John,CC BY 2.0,"https://commons.wikimedia.org/wiki/File:Haemulon_plumieri_(white_grunts)_(San_Salvador_Island,_Bahamas)_8_(15997134547).jpg",in_situ
Haemulon plumierii,"File:Haemulon plumieri (white grunt) (San Salvador Island, Bahamas) 1 (16182177732).jpg",https://upload.wikimedia.org/wikipedia/commons/6/69/Haemulon_plumieri_%28white_grunt%29_%28San_Salvador_Island%2C_Bahamas%29_1_%2816182177732%29.jpg?utm_source=commons.wikimedia.org&utm_campaign=imageinfo&utm_content=original,170a2ab40b206fd98c758946a619ea8aa1a0873b,3388,1772,James St. John,CC BY 2.0,"https://commons.wikimedia.org/wiki/File:Haemulon_plumieri_(white_grunt)_(San_Salvador_Island,_Bahamas)_1_(16182177732).jpg",in_situ
Haemulon plumierii,"File:Haemulon plumieri (white grunt) (San Salvador Island, Bahamas) 6 (16181056911).jpg",https://upload.wikimedia.org/wikipedia/commons/3/35/Haemulon_plumieri_%28white_grunt%29_%28San_Salvador_Island%2C_Bahamas%29_6_%2816181056911%29.jpg?utm_source=commons.wikimedia.org&utm_campaign=imageinfo&utm_content=original,9dedea9b3edec0bef9983998992bbf4f2c8a4679,2844,1540,James St. John,CC BY 2.0,"https://commons.wikimedia.org/wiki/File:Haemulon_plumieri_(white_grunt)_(San_Salvador_Island,_Bahamas)_6_(16181056911).jpg",in_situ
Pomacanthus arcuatus,File:A FEW OF THE MANY SPECIES OF CORAL AND MARINE LIFE AT JOHN PENNEKAMP CORAL REEF STATE PARK NEAR KEY LARGO. THE FISH... - NARA - 548718.jpg,https://upload.wikimedia.org/wikipedia/commons/5/50/A_FEW_OF_THE_MANY_SPECIES_OF_CORAL_AND_MARINE_LIFE_AT_JOHN_PENNEKAMP_CORAL_REEF_STATE_PARK_NEAR_KEY_LARGO._THE_FISH..._-_NARA_-_548718.jpg?utm_source=commons.wikimedia.org&utm_campaign=imageinfo&utm_content=original,f5c6bec919eef8d5651ecc51291a94ec18211ebb,3000,2019,Flip Schulke,Public domain,https://commons.wikimedia.org/wiki/File:A_FEW_OF_THE_MANY_SPECIES_OF_CORAL_AND_MARINE_LIFE_AT_JOHN_PENNEKAMP_CORAL_REEF_STATE_PARK_NEAR_KEY_LARGO._THE_FISH..._-_NARA_-_548718.jpg,in_situ
Pomacanthus arcuatus,File:A GREY ANGLE FISH SWIMS IN THE PROTECTED WATERS OF JOHN PENNEKAMP CORAL REEF STATE PARK NEAR KEY LARGO - NARA - 548715.jpg,https://upload.wikimedia.org/wikipedia/commons/4/43/A_GREY_ANGLE_FISH_SWIMS_IN_THE_PROTECTED_WATERS_OF_JOHN_PENNEKAMP_CORAL_REEF_STATE_PARK_NEAR_KEY_LARGO_-_NARA_-_548715.jpg?utm_source=commons.wikimedia.org&utm_campaign=imageinfo&utm_content=original,014cb8094e8c73ec68cd4f1533c83328836e0a1f,3000,2040,Flip Schulke,Public domain,https://commons.wikimedia.org/wiki/File:A_GREY_ANGLE_FISH_SWIMS_IN_THE_PROTECTED_WATERS_OF_JOHN_PENNEKAMP_CORAL_REEF_STATE_PARK_NEAR_KEY_LARGO_-_NARA_-_548715.jpg,in_situ
Pomacanthus arcuatus,File:GREY ANGLE FISH SWIMS AMONG BRANCHES OF LIVING CORAL IN THE PROTECTED WATERS OF JOHN PENNEKAMP CORAL REEF STATE PARK... - NARA - 548716.jpg,https://upload.wikimedia.org/wikipedia/commons/9/9d/GREY_ANGLE_FISH_SWIMS_AMONG_BRANCHES_OF_LIVING_CORAL_IN_THE_PROTECTED_WATERS_OF_JOHN_PENNEKAMP_CORAL_REEF_STATE_PARK..._-_NARA_-_548716.jpg?utm_source=commons.wikimedia.org&utm_campaign=imageinfo&utm_content=original,6d2e7354ece2bd05e8b4fe03b182efa20ac2d7c1,3000,2023,Flip Schulke,Public domain,https://commons.wikimedia.org/wiki/File:GREY_ANGLE_FISH_SWIMS_AMONG_BRANCHES_OF_LIVING_CORAL_IN_THE_PROTECTED_WATERS_OF_JOHN_PENNEKAMP_CORAL_REEF_STATE_PARK..._-_NARA_-_548716.jpg,in_situ
Sparisoma viride,"File:Sparisoma viride (stoplight parrotfish) (San Salvador Island, Bahamas) 3 (16167386231).jpg",https://upload.wikimedia.org/wikipedia/commons/d/d3/Sparisoma_viride_%28stoplight_parrotfish%29_%28San_Salvador_Island%2C_Bahamas%29_3_%2816167386231%29.jpg?utm_source=commons.wikimedia.org&utm_campaign=imageinfo&utm_content=original,ca064e5a3d12f68e89cb3509f87c709a53550a4b,3992,2672,James St. John,CC BY 2.0,"https://commons.wikimedia.org/wiki/File:Sparisoma_viride_(stoplight_parrotfish)_(San_Salvador_Island,_Bahamas)_3_(16167386231).jpg",in_situ
Sparisoma viride,File:Sparisoma viride - Reef1586.jpg,https://upload.wikimedia.org/wikipedia/commons/e/e9/Sparisoma_viride_-_Reef1586.jpg?utm_source=commons.wikimedia.org&utm_campaign=imageinfo&utm_content=original,538d353095dcc4780529dab82e7e0a0d7f62e07e,3555,2385,NOAA Photo Library,CC BY 2.0,https://commons.wikimedia.org/wiki/File:Sparisoma_viride_-_Reef1586.jpg,in_situ
Sparisoma viride,"File:Sparisoma viride (stoplight parrotfish) (San Salvador Island, Bahamas) 2 (15546897214).jpg",https://upload.wikimedia.org/wikipedia/commons/9/97/Sparisoma_viride_%28stoplight_parrotfish%29_%28San_Salvador_Island%2C_Bahamas%29_2_%2815546897214%29.jpg?utm_source=commons.wikimedia.org&utm_campaign=imageinfo&utm_content=original,3c8685cc766b7e1aec310d3b84acee65dbb1838b,3264,2448,James St. John,CC BY 2.0,"https://commons.wikimedia.org/wiki/File:Sparisoma_viride_(stoplight_parrotfish)_(San_Salvador_Island,_Bahamas)_2_(15546897214).jpg",in_situ
Lutjanus kasmira,File:Common Bluestripe Snappers (Lutjanus kasmira) (6088939770).jpg,https://upload.wikimedia.org/wikipedia/commons/c/c5/Common_Bluestripe_Snappers_%28Lutjanus_kasmira%29_%286088939770%29.jpg?utm_source=commons.wikimedia.org&utm_campaign=imageinfo&utm_content=original,345243a1048343a4228c7ff1e3d0b533d2dc91e8,4416,2649,Bernard DUPONT from FRANCE,CC BY-SA 2.0,https://commons.wikimedia.org/wiki/File:Common_Bluestripe_Snappers_(Lutjanus_kasmira)_(6088939770).jpg,in_situ
Lutjanus kasmira,File:Common Bluestripe Snappers (Lutjanus kasmira) (6103442886).jpg,https://upload.wikimedia.org/wikipedia/commons/7/7c/Common_Bluestripe_Snappers_%28Lutjanus_kasmira%29_%286103442886%29.jpg?utm_source=commons.wikimedia.org&utm_campaign=imageinfo&utm_content=original,9a5220788ffe37a979504bb1cb2565ae3b0174ed,4416,2649,Bernard DUPONT from FRANCE,CC BY-SA 2.0,https://commons.wikimedia.org/wiki/File:Common_Bluestripe_Snappers_(Lutjanus_kasmira)_(6103442886).jpg,in_situ
Lutjanus kasmira,"File:Blue-banded Sea Perch, colour. Lutjanus kasmira (Forskal). Marshall's ""Tropical Fishes of the Great Barrier Reef"" (1966) colour plate 19 No 197.jpg",https://upload.wikimedia.org/wikipedia/commons/f/f2/Blue-banded_Sea_Perch%2C_colour._Lutjanus_kasmira_%28Forskal%29._Marshall%27s_%22Tropical_Fishes_of_the_Great_Barrier_Reef%22_%281966%29_colour_plate_19_No_197.jpg?utm_source=commons.wikimedia.org&utm_campaign=imageinfo&utm_content=original,ab17e5fef8c1876f11cb58f5a01b3068e5faead3,552,322,Queensland State Archives,Public domain,"https://commons.wikimedia.org/wiki/File:Blue-banded_Sea_Perch,_colour._Lutjanus_kasmira_(Forskal)._Marshall%27s_%22Tropical_Fishes_of_the_Great_Barrier_Reef%22_(1966)_colour_plate_19_No_197.jpg",in_situ
Hypanus americanus,File:Hypanus americanus 447367236.jpg,https://upload.wikimedia.org/wikipedia/commons/3/31/Hypanus_americanus_447367236.jpg?utm_source=commons.wikimedia.org&utm_campaign=imageinfo&utm_content=original,024fdc71a598b93141e8199b9ef4b1228841fbed,2048,1536,Dan Schofield,CC BY 4.0,https://commons.wikimedia.org/wiki/File:Hypanus_americanus_447367236.jpg,unknown
Hypanus americanus,File:Hypanus americanus 510411080.jpg,https://upload.wikimedia.org/wikipedia/commons/7/70/Hypanus_americanus_510411080.jpg?utm_source=commons.wikimedia.org&utm_campaign=imageinfo&utm_content=original,2065cab6c0f28ad9fa8193a41f85f5105bd3521b,2048,1536,David Garza,CC BY 4.0,https://commons.wikimedia.org/wiki/File:Hypanus_americanus_510411080.jpg,unknown
Hypanus americanus,File:Hypanus americanus 447371699.jpg,https://upload.wikimedia.org/wikipedia/commons/d/d7/Hypanus_americanus_447371699.jpg?utm_source=commons.wikimedia.org&utm_campaign=imageinfo&utm_content=original,b545029b3ccb59d5a98daae12b15859694f9dcde,1232,925,Dan Schofield,CC BY 4.0,https://commons.wikimedia.org/wiki/File:Hypanus_americanus_447371699.jpg,unknown
Chaetodon capistratus,"File:Chaetodon capistratus (foureye butterflyfish) (San Salvador Island, Bahamas) 1.jpg",https://upload.wikimedia.org/wikipedia/commons/a/a5/Chaetodon_capistratus_%28foureye_butterflyfish%29_%28San_Salvador_Island%2C_Bahamas%29_1.jpg?utm_source=commons.wikimedia.org&utm_campaign=imageinfo&utm_content=original,45e9e38cef02e7cbff202d56fcfaff4ec5a5e3ca,2796,2204,James St. John,CC BY 2.0,"https://commons.wikimedia.org/wiki/File:Chaetodon_capistratus_(foureye_butterflyfish)_(San_Salvador_Island,_Bahamas)_1.jpg",in_situ
Chaetodon capistratus,"File:Chaetodon capistratus (foureye butterflyfish) (San Salvador Island, Bahamas) 1 (15986055147).jpg",https://upload.wikimedia.org/wikipedia/commons/f/f3/Chaetodon_capistratus_%28foureye_butterflyfish%29_%28San_Salvador_Island%2C_Bahamas%29_1_%2815986055147%29.jpg?utm_source=commons.wikimedia.org&utm_campaign=imageinfo&utm_content=original,4227c206d8e0d94c9fd207cec45b4d803b047cec,2796,2204,James St. John,CC BY 2.0,"https://commons.wikimedia.org/wiki/File:Chaetodon_capistratus_(foureye_butterflyfish)_(San_Salvador_Island,_Bahamas)_1_(15986055147).jpg",in_situ
Chaetodon capistratus,"File:Chaetodon capistratus (foureye butterflyfish) (San Salvador Island, Bahamas) 2.jpg",https://upload.wikimedia.org/wikipedia/commons/c/c8/Chaetodon_capistratus_%28foureye_butterflyfish%29_%28San_Salvador_Island%2C_Bahamas%29_2.jpg?utm_source=commons.wikimedia.org&utm_campaign=imageinfo&utm_content=original,524d7c386b9da446ad09c00eb2d6ffb2c480aaa6,2596,1932,James St. John,CC BY 2.0,"https://commons.wikimedia.org/wiki/File:Chaetodon_capistratus_(foureye_butterflyfish)_(San_Salvador_Island,_Bahamas)_2.jpg",in_situ
Pomacanthus paru,File:French Accent (48885960832).jpg,https://upload.wikimedia.org/wikipedia/commons/d/d8/French_Accent_%2848885960832%29.jpg?utm_source=commons.wikimedia.org&utm_campaign=imageinfo&utm_content=original,ed3b483bfa23b50678bce93b2de6c9d671650e59,4368,2912,"LASZLO ILYES from Cleveland, Ohio, USA",CC BY 2.0,https://commons.wikimedia.org/wiki/File:French_Accent_(48885960832).jpg,in_situ
Pomacanthus paru,File:Fish 4 (4386587491).jpg,https://upload.wikimedia.org/wikipedia/commons/f/f4/Fish_4_%284386587491%29.jpg?utm_source=commons.wikimedia.org&utm_campaign=imageinfo&utm_content=original,e29f64008e723377df17a5c7281e4d5e25b41e3f,3660,2916,"Tony Hisgett from Birmingham, UK",CC BY 2.0,https://commons.wikimedia.org/wiki/File:Fish_4_(4386587491).jpg,in_situ
Pomacanthus paru,File:French Angelfish Juvenile Pomacanthus Paru Fringing Reef Beaches of Noord Aruba.jpg,https://upload.wikimedia.org/wikipedia/commons/d/d3/French_Angelfish_Juvenile_Pomacanthus_Paru_Fringing_Reef_Beaches_of_Noord_Aruba.jpg?utm_source=commons.wikimedia.org&utm_campaign=imageinfo&utm_content=original,634beef43b93d759d39ac0e83b23c3725bb4b361,2048,1359,EgorovaSvetlana,CC BY-SA 4.0,https://commons.wikimedia.org/wiki/File:French_Angelfish_Juvenile_Pomacanthus_Paru_Fringing_Reef_Beaches_of_Noord_Aruba.jpg,in_situ
Melichthys niger,File:Corl0208 (27497521714).jpg,https://upload.wikimedia.org/wikipedia/commons/6/6b/Corl0208_%2827497521714%29.jpg?utm_source=commons.wikimedia.org&utm_campaign=imageinfo&utm_content=original,4d74dacec4f74db0661c3c657db7bbdf06b8596a,4000,2248,NOAA Photo Library,CC BY 2.0,https://commons.wikimedia.org/wiki/File:Corl0208_(27497521714).jpg,in_situ
Melichthys niger,File:Corl0208 (27497521714) (cropped).jpg,https://upload.wikimedia.org/wikipedia/commons/4/42/Corl0208_%2827497521714%29_%28cropped%29.jpg?utm_source=commons.wikimedia.org&utm_campaign=imageinfo&utm_content=original,92fbb1797dfb018e755f1e45d2133bd807a71237,2542,1684,NOAA Photo Library,CC BY 2.0,https://commons.wikimedia.org/wiki/File:Corl0208_(27497521714)_(cropped).jpg,in_situ
Melichthys niger,"File:Melichthys niger (black durgon) (San Salvador Island, Bahamas) 5 (15548385434).jpg",https://upload.wikimedia.org/wikipedia/commons/6/6c/Melichthys_niger_%28black_durgon%29_%28San_Salvador_Island%2C_Bahamas%29_5_%2815548385434%29.jpg?utm_source=commons.wikimedia.org&utm_campaign=imageinfo&utm_content=original,2b5de3f097c9159484dbddd4dd6c71d96f526969,2420,1908,James St. John,CC BY 2.0,"https://commons.wikimedia.org/wiki/File:Melichthys_niger_(black_durgon)_(San_Salvador_Island,_Bahamas)_5_(15548385434).jpg",in_situ
Holacanthus ciliaris,File:Caribbean coral reef.jpg,https://upload.wikimedia.org/wikipedia/commons/6/61/Caribbean_coral_reef.jpg?utm_source=commons.wikimedia.org&utm_campaign=imageinfo&utm_content=original,67bb869b33400a68fb554d19200beb6546fd058c,3264,2448,User:violetto_mm,CC BY-SA 3.0,https://commons.wikimedia.org/wiki/File:Caribbean_coral_reef.jpg,in_situ
Holacanthus ciliaris,File:A Splash of Color (8359101798).jpg,https://upload.wikimedia.org/wikipedia/commons/3/3e/A_Splash_of_Color_%288359101798%29.jpg?utm_source=commons.wikimedia.org&utm_campaign=imageinfo&utm_content=original,fd16cbfa3d5cdfcf06329c0580efa37d6950cc76,1536,1024,"LASZLO ILYES from Cleveland, Ohio, USA",CC BY 2.0,https://commons.wikimedia.org/wiki/File:A_Splash_of_Color_(8359101798).jpg,in_situ
Holacanthus ciliaris,File:From the Shadows (8369871709).jpg,https://upload.wikimedia.org/wikipedia/commons/c/cf/From_the_Shadows_%288369871709%29.jpg?utm_source=commons.wikimedia.org&utm_campaign=imageinfo&utm_content=original,50da6930cf469b33625797d663ee0846c3d33fb4,1141,1711,"LASZLO ILYES from Cleveland, Ohio, USA",CC BY 2.0,https://commons.wikimedia.org/wiki/File:From_the_Shadows_(8369871709).jpg,in_situ
Balistoides viridescens,"File:Pez ballesta titán (Balistoides viridescens), Nosy Sakatia, Madagascar, 2025-09-18, DD 61.jpg",https://upload.wikimedia.org/wikipedia/commons/0/01/Pez_ballesta_tit%C3%A1n_%28Balistoides_viridescens%29%2C_Nosy_Sakatia%2C_Madagascar%2C_2025-09-18%2C_DD_61.jpg?utm_source=commons.wikimedia.org&utm_campaign=imageinfo&utm_content=original,7dc9824ac86b1d471a6bfd04d88ab5b9fc9150ca,7700,5133,Diego Delso,CC BY-SA 4.0,"https://commons.wikimedia.org/wiki/File:Pez_ballesta_tit%C3%A1n_(Balistoides_viridescens),_Nosy_Sakatia,_Madagascar,_2025-09-18,_DD_61.jpg",in_situ
Balistoides viridescens,File:Balistoides viridescens 1.jpg,https://upload.wikimedia.org/wikipedia/commons/c/c7/Balistoides_viridescens_1.jpg?utm_source=commons.wikimedia.org&utm_campaign=imageinfo&utm_content=original,66bb75ef11c1709a9f7023c5a68c8bacf312b0b1,3642,2205,Brian Gratwicke,CC BY 2.0,https://commons.wikimedia.org/wiki/File:Balistoides_viridescens_1.jpg,in_situ
Balistoides viridescens,File:Drückerfisch. Giant Titan Triggerfish.Гигантский титановый Триггер..DSCF8745WI.jpg,https://upload.wikimedia.org/wikipedia/commons/c/c6/Dr%C3%BCckerfisch._Giant_Titan_Triggerfish.%D0%93%D0%B8%D0%B3%D0%B0%D0%BD%D1%82%D1%81%D0%BA%D0%B8%D0%B9_%D1%82%D0%B8%D1%82%D0%B0%D0%BD%D0%BE%D0%B2%D1%8B%D0%B9_%D0%A2%D1%80%D0%B8%D0%B3%D0%B3%D0%B5%D1%80..DSCF8745WI.jpg?utm_source=commons.wikimedia.org&utm_campaign=imageinfo&utm_content=original,c40dcadccc847e4da960c72f1d01a13223b24ae6,3612,2369,Kora27,CC BY-SA 4.0,https://commons.wikimedia.org/wiki/File:Dr%C3%BCckerfisch._Giant_Titan_Triggerfish.%D0%93%D0%B8%D0%B3%D0%B0%D0%BD%D1%82%D1%81%D0%BA%D0%B8%D0%B9_%D1%82%D0%B8%D1%82%D0%B0%D0%BD%D0%BE%D0%B2%D1%8B%D0%B9_%D0%A2%D1%80%D0%B8%D0%B3%D0%B3%D0%B5%D1%80..DSCF8745WI.jpg,in_situ
Thalassoma lunare,File:Moon Wrasses (Thalassoma lunare) (6127484586).jpg,https://upload.wikimedia.org/wikipedia/commons/a/ab/Moon_Wrasses_%28Thalassoma_lunare%29_%286127484586%29.jpg?utm_source=commons.wikimedia.org&utm_campaign=imageinfo&utm_content=original,453c5aa3da1864391891058841f7baaeb0429f97,3541,2125,Bernard DUPONT from FRANCE,CC BY-SA 2.0,https://commons.wikimedia.org/wiki/File:Moon_Wrasses_(Thalassoma_lunare)_(6127484586).jpg,in_situ
Thalassoma lunare,File:Thalassoma lunare 1.jpg,https://upload.wikimedia.org/wikipedia/commons/c/cd/Thalassoma_lunare_1.jpg?utm_source=commons.wikimedia.org&utm_campaign=imageinfo&utm_content=original,f6e540deab665a0988a5e56b4da78e5b7fbb70ac,1264,712,Leonard Low from Australia,CC BY 2.0,https://commons.wikimedia.org/wiki/File:Thalassoma_lunare_1.jpg,in_situ
Thalassoma lunare,File:Diving in the Persian Gulf.jpg,https://upload.wikimedia.org/wikipedia/commons/4/4b/Diving_in_the_Persian_Gulf.jpg?utm_source=commons.wikimedia.org&utm_campaign=imageinfo&utm_content=original,5401562dd68f95bea5b189f2c36188794b3ffd46,707,702,Mehrraz,CC BY-SA 4.0,https://commons.wikimedia.org/wiki/File:Diving_in_the_Persian_Gulf.jpg,in_situ
Chaetodipterus faber,File:Atlantic Spadefish Molasses Reef 20080309.jpg,https://upload.wikimedia.org/wikipedia/commons/9/97/Atlantic_Spadefish_Molasses_Reef_20080309.jpg?utm_source=commons.wikimedia.org&utm_campaign=imageinfo&utm_content=original,5323c7dc249048b5b4f2ecfbcfb7d173121db28f,2816,2112,Jstuby,CC0,https://commons.wikimedia.org/wiki/File:Atlantic_Spadefish_Molasses_Reef_20080309.jpg,in_situ
Chaetodipterus faber,"File:2016, wakatobi, teluk maya, spade fish portrait (31350513061).jpg",https://upload.wikimedia.org/wikipedia/commons/1/19/2016%2C_wakatobi%2C_teluk_maya%2C_spade_fish_portrait_%2831350513061%29.jpg?utm_source=commons.wikimedia.org&utm_campaign=imageinfo&utm_content=original,a824cc9c6d1780775a0974f8c237ae8181c0f9f4,5616,3744,q phia,CC BY 2.0,"https://commons.wikimedia.org/wiki/File:2016,_wakatobi,_teluk_maya,_spade_fish_portrait_(31350513061).jpg",unknown
Chaetodipterus faber,"File:Chaetodipterus faber - Museu da Ciência da Universidade de Coimbra - University of Coimbra - Coimbra, Portugal - DSC09248.jpg",https://upload.wikimedia.org/wikipedia/commons/5/59/Chaetodipterus_faber_-_Museu_da_Ci%C3%AAncia_da_Universidade_de_Coimbra_-_University_of_Coimbra_-_Coimbra%2C_Portugal_-_DSC09248.jpg?utm_source=commons.wikimedia.org&utm_campaign=imageinfo&utm_content=original,49229e0cde820d935520a39a4f01e1e75d01c283,4721,3217,Daderot,CC0,"https://commons.wikimedia.org/wiki/File:Chaetodipterus_faber_-_Museu_da_Ci%C3%AAncia_da_Universidade_de_Coimbra_-_University_of_Coimbra_-_Coimbra,_Portugal_-_DSC09248.jpg",unknown
Zebrasoma flavescens,File:Corales.jpg,https://upload.wikimedia.org/wikipedia/commons/4/47/Corales.jpg?utm_source=commons.wikimedia.org&utm_campaign=imageinfo&utm_content=original,d30077490d9858dc441be4c0763d6e7a70272d26,4128,2322,A Mirandam,CC BY-SA 3.0,https://commons.wikimedia.org/wiki/File:Corales.jpg,in_situ
Zebrasoma flavescens,File:HIHWNMS - turtle cleaning station (27226605373).jpg,https://upload.wikimedia.org/wikipedia/commons/7/77/HIHWNMS_-_turtle_cleaning_station_%2827226605373%29.jpg?utm_source=commons.wikimedia.org&utm_campaign=imageinfo&utm_content=original,19a765b7b1eb6c9fd121e7d7abe62cd0941144c2,3840,2880,National Marine Sanctuaries,Public domain,https://commons.wikimedia.org/wiki/File:HIHWNMS_-_turtle_cleaning_station_(27226605373).jpg,in_situ
Zebrasoma flavescens,File:Coral reefs at kona.jpg,https://upload.wikimedia.org/wikipedia/commons/3/3f/Coral_reefs_at_kona.jpg?utm_source=commons.wikimedia.org&utm_campaign=imageinfo&utm_content=original,29dadf2543670f0c76300746c8b998fd32070605,2360,1796,Brocken Inaglory,CC BY-SA 3.0,https://commons.wikimedia.org/wiki/File:Coral_reefs_at_kona.jpg,in_situ
Paracanthurus hepatus,File:Bluefish2.JPG,https://upload.wikimedia.org/wikipedia/commons/6/60/Bluefish2.JPG?utm_source=commons.wikimedia.org&utm_campaign=imageinfo&utm_content=original,ff2ed446a47acbc45f5889ffef8722d3c25771a2,3072,2304,"James Heilman, MD",CC BY-SA 3.0,https://commons.wikimedia.org/wiki/File:Bluefish2.JPG,in_situ
Paracanthurus hepatus,File:Coral reef 3.jpg,https://upload.wikimedia.org/wikipedia/commons/1/17/Coral_reef_3.jpg?utm_source=commons.wikimedia.org&utm_campaign=imageinfo&utm_content=original,fe84de68532ea8c94946cee5cabaf629cbfb61c2,2448,3264,User:violetto_mm,CC BY-SA 3.0,https://commons.wikimedia.org/wiki/File:Coral_reef_3.jpg,in_situ
Paracanthurus hepatus,File:Aquarium (176665833).jpeg,https://upload.wikimedia.org/wikipedia/commons/0/02/Aquarium_%28176665833%29.jpeg?utm_source=commons.wikimedia.org&utm_campaign=imageinfo&utm_content=original,c52e1016c4f4a97a75b38d891112c21ec4bb0ccc,2048,1365,Baruc Acosta,CC BY 3.0,https://commons.wikimedia.org/wiki/File:Aquarium_(176665833).jpeg,in_situ
Lutjanus griseus,File:Gray Snappers on Santa Cruz Beach (5264687251).jpg,https://upload.wikimedia.org/wikipedia/commons/f/fb/Gray_Snappers_on_Santa_Cruz_Beach_%285264687251%29.jpg?utm_source=commons.wikimedia.org&utm_campaign=imageinfo&utm_content=original,abf499b59fd8f17d5cff45b8618da9aae029a5ce,4368,2912,"LASZLO ILYES from Cleveland, Ohio, USA",CC BY 2.0,https://commons.wikimedia.org/wiki/File:Gray_Snappers_on_Santa_Cruz_Beach_(5264687251).jpg,in_situ
Lutjanus griseus,"File:Mangrove snapper, Lutjanus griseus.jpg",https://upload.wikimedia.org/wikipedia/commons/c/c8/Mangrove_snapper%2C_Lutjanus_griseus.jpg?utm_source=commons.wikimedia.org&utm_campaign=imageinfo&utm_content=original,d2cbdf5bb1448e9cd0d7c34eea561b434661318d,720,283,Everglades National Park,Public domain,"https://commons.wikimedia.org/wiki/File:Mangrove_snapper,_Lutjanus_griseus.jpg",in_situ
Lutjanus griseus,"File:Grupo de pargos grises (Lutjanus griseus), San Pedro, Belice, 2025-12-17, DD 135.jpg",https://upload.wikimedia.org/wikipedia/commons/5/5f/Grupo_de_pargos_grises_%28Lutjanus_griseus%29%2C_San_Pedro%2C_Belice%2C_2025-12-17%2C_DD_135.jpg?utm_source=commons.wikimedia.org&utm_campaign=imageinfo&utm_content=original,1c0567241d739af0302a57ef5aaff84b2884d10f,8688,5792,Diego Delso,CC BY-SA 4.0,"https://commons.wikimedia.org/wiki/File:Grupo_de_pargos_grises_(Lutjanus_griseus),_San_Pedro,_Belice,_2025-12-17,_DD_135.jpg",unknown
Lutjanus apodus,File:Schoolmaster Snappers Davy Crocker Reef 20230715.jpg,https://upload.wikimedia.org/wikipedia/commons/f/f4/Schoolmaster_Snappers_Davy_Crocker_Reef_20230715.jpg?utm_source=commons.wikimedia.org&utm_campaign=imageinfo&utm_content=original,1d258533e4ec7f40d70b5c71afd611c9f929227b,5184,3888,Jstuby,CC0,https://commons.wikimedia.org/wiki/File:Schoolmaster_Snappers_Davy_Crocker_Reef_20230715.jpg,in_situ
Lutjanus apodus,"File:Lutjanus apodus (schoolmaster) (San Salvador Island, Bahamas) 3 (16180389221).jpg",https://upload.wikimedia.org/wikipedia/commons/a/a6/Lutjanus_apodus_%28schoolmaster%29_%28San_Salvador_Island%2C_Bahamas%29_3_%2816180389221%29.jpg?utm_source=commons.wikimedia.org&utm_campaign=imageinfo&utm_content=original,301579840e53fe1fcce81497e8bd827d89de0297,3120,2416,James St. John,CC BY 2.0,"https://commons.wikimedia.org/wiki/File:Lutjanus_apodus_(schoolmaster)_(San_Salvador_Island,_Bahamas)_3_(16180389221).jpg",in_situ
Lutjanus apodus,File:Lutjanus apodus - Reef1593 - 9730768385.jpg,https://upload.wikimedia.org/wikipedia/commons/4/48/Lutjanus_apodus_-_Reef1593_-_9730768385.jpg?utm_source=commons.wikimedia.org&utm_campaign=imageinfo&utm_content=original,13d053e6ed6f0322ac4c6ecf4576da212c1b99ac,2865,2065,NOAA Photo Library,CC BY 2.0,https://commons.wikimedia.org/wiki/File:Lutjanus_apodus_-_Reef1593_-_9730768385.jpg,in_situ
Halichoeres bivittatus,"File:Doncella rayada (Halichoeres bivittatus), San Pedro, Belice, 2025-12-17, DD 176.jpg",https://upload.wikimedia.org/wikipedia/commons/e/e0/Doncella_rayada_%28Halichoeres_bivittatus%29%2C_San_Pedro%2C_Belice%2C_2025-12-17%2C_DD_176.jpg?utm_source=commons.wikimedia.org&utm_campaign=imageinfo&utm_content=original,4eeb74fa41c9ed7ab5171beeba849edf49135826,5403,3602,Diego Delso,CC BY-SA 4.0,"https://commons.wikimedia.org/wiki/File:Doncella_rayada_(Halichoeres_bivittatus),_San_Pedro,_Belice,_2025-12-17,_DD_176.jpg",unknown
Halichoeres bivittatus,File:Slippery Dick Wrasse - Halichoeres bivittatus.jpg,https://upload.wikimedia.org/wikipedia/commons/6/6e/Slippery_Dick_Wrasse_-_Halichoeres_bivittatus.jpg?utm_source=commons.wikimedia.org&utm_campaign=imageinfo&utm_content=original,e7f09e76304d5550b38fbd393184bdef74dd2cbd,2817,1755,Brian Gratwicke,CC BY 2.0,https://commons.wikimedia.org/wiki/File:Slippery_Dick_Wrasse_-_Halichoeres_bivittatus.jpg,unknown
Halichoeres bivittatus,File:Slippery Dick Wrasse - Halichoeres bivittatus (cropped).jpg,https://upload.wikimedia.org/wikipedia/commons/1/1e/Slippery_Dick_Wrasse_-_Halichoeres_bivittatus_%28cropped%29.jpg?utm_source=commons.wikimedia.org&utm_campaign=imageinfo&utm_content=original,5c236b7cb830e9ce6122739ff3fbcc1aca13241e,2370,1186,Brian Gratwicke,CC BY 2.0,https://commons.wikimedia.org/wiki/File:Slippery_Dick_Wrasse_-_Halichoeres_bivittatus_(cropped).jpg,unknown
Carcharhinus melanopterus,File:Blacktip reef shark at Palmyra Atoll (52979104628).jpg,https://upload.wikimedia.org/wikipedia/commons/b/bd/Blacktip_reef_shark_at_Palmyra_Atoll_%2852979104628%29.jpg?utm_source=commons.wikimedia.org&utm_campaign=imageinfo&utm_content=original,6123e2dce41c188120cc936e65c4fade87d9d878,8192,4676,"USFWS Pacific, USFWS photo: Ryan Hagerty",Public domain,https://commons.wikimedia.org/wiki/File:Blacktip_reef_shark_at_Palmyra_Atoll_(52979104628).jpg,in_situ
Carcharhinus melanopterus,File:Blacktip reef shark (Carcharhinus melanopterus) Moorea 2.jpg,https://upload.wikimedia.org/wikipedia/commons/0/03/Blacktip_reef_shark_%28Carcharhinus_melanopterus%29_Moorea_2.jpg?utm_source=commons.wikimedia.org&utm_campaign=imageinfo&utm_content=original,18758420e744e05740ed161472146e7786795cb0,8190,5462,Charles J. Sharp,CC BY-SA 4.0,https://commons.wikimedia.org/wiki/File:Blacktip_reef_shark_(Carcharhinus_melanopterus)_Moorea_2.jpg,in_situ
Carcharhinus melanopterus,File:Blacktip reef sharks (Carcharhinus melanopterus) Moorea 2.jpg,https://upload.wikimedia.org/wikipedia/commons/e/e7/Blacktip_reef_sharks_%28Carcharhinus_melanopterus%29_Moorea_2.jpg?utm_source=commons.wikimedia.org&utm_campaign=imageinfo&utm_content=original,0201b4d48390455d1fb43b0e840bac1437d003eb,7609,5076,Charles J. Sharp,CC BY-SA 4.0,https://commons.wikimedia.org/wiki/File:Blacktip_reef_sharks_(Carcharhinus_melanopterus)_Moorea_2.jpg,in_situ
Caranx sexfasciatus,File:Carangue vorace (Caranx sexfasciatus) sous DCP dérivant (Ifremer 00543-65521).jpg,https://upload.wikimedia.org/wikipedia/commons/7/75/Carangue_vorace_%28Caranx_sexfasciatus%29_sous_DCP_d%C3%A9rivant_%28Ifremer_00543-65521%29.jpg?utm_source=commons.wikimedia.org&utm_campaign=imageinfo&utm_content=original,b59562a765d7f1a5cc3328b30c3b9084c33b0e54,3008,2000,Marc Taquet,CC BY 4.0,https://commons.wikimedia.org/wiki/File:Carangue_vorace_(Caranx_sexfasciatus)_sous_DCP_d%C3%A9rivant_(Ifremer_00543-65521).jpg,in_situ
Caranx sexfasciatus,File:Bigeye trevally (Caranx sexfasciatus) (46991298924).jpg,https://upload.wikimedia.org/wikipedia/commons/d/df/Bigeye_trevally_%28Caranx_sexfasciatus%29_%2846991298924%29.jpg?utm_source=commons.wikimedia.org&utm_campaign=imageinfo&utm_content=original,88182ac317f9f3bdfa4e2eb16317c89693698f7b,5184,3888,Rickard Zerpe,CC BY 2.0,https://commons.wikimedia.org/wiki/File:Bigeye_trevally_(Caranx_sexfasciatus)_(46991298924).jpg,unknown
Caranx sexfasciatus,File:Bigeye trevally (Caranx sexfasciatus) - 50055004423.jpg,https://upload.wikimedia.org/wikipedia/commons/c/cc/Bigeye_trevally_%28Caranx_sexfasciatus%29_-_50055004423.jpg?utm_source=commons.wikimedia.org&utm_campaign=imageinfo&utm_content=original,bdbbd19460cbc70fc9af077dc682d2820710a887,4361,3271,Rickard Zerpe,CC BY 2.0,https://commons.wikimedia.org/wiki/File:Bigeye_trevally_(Caranx_sexfasciatus)_-_50055004423.jpg,unknown
Labroides dimidiatus,File:Cleaner station komodo.jpg,https://upload.wikimedia.org/wikipedia/commons/5/55/Cleaner_station_komodo.jpg?utm_source=commons.wikimedia.org&utm_campaign=imageinfo&utm_content=original,4b5b66a3c9c1ddccec86015652fec646b1655d8b,600,450,Nhobgood Nick Hobgood,CC BY-SA 3.0,https://commons.wikimedia.org/wiki/File:Cleaner_station_komodo.jpg,in_situ
Labroides dimidiatus,File:Acanthurus tennentii Labroides dimidiatus.jpg,https://upload.wikimedia.org/wikipedia/commons/2/22/Acanthurus_tennentii_Labroides_dimidiatus.jpg?utm_source=commons.wikimedia.org&utm_campaign=imageinfo&utm_content=original,c0a0d81543cd27371329429597b4eff0d0754062,5184,3456,Brian Gratwicke,CC BY 3.0,https://commons.wikimedia.org/wiki/File:Acanthurus_tennentii_Labroides_dimidiatus.jpg,unknown
Labroides dimidiatus,File:Hal - Tetraodon sp. and Labroides dimidiatus - 2.jpg,https://upload.wikimedia.org/wikipedia/commons/5/5f/Hal_-_Tetraodon_sp._and_Labroides_dimidiatus_-_2.jpg?utm_source=commons.wikimedia.org&utm_campaign=imageinfo&utm_content=original,17afee21cebd30abcfb0e5eac47e7ed107fae6af,4075,2717,Emőke Dénes,CC BY-SA 4.0,https://commons.wikimedia.org/wiki/File:Hal_-_Tetraodon_sp._and_Labroides_dimidiatus_-_2.jpg,unknown
Diodon hystrix,File:Baltimore Aquarium - Puffer Fish - 3.jpg,https://upload.wikimedia.org/wikipedia/commons/4/4d/Baltimore_Aquarium_-_Puffer_Fish_-_3.jpg?utm_source=commons.wikimedia.org&utm_campaign=imageinfo&utm_content=original,47acf8be54c5cf1b8fb51c5472b1738dcaa6612e,2937,1927,Jarek Tuszyński,CC BY 4.0,https://commons.wikimedia.org/wiki/File:Baltimore_Aquarium_-_Puffer_Fish_-_3.jpg,in_situ
Diodon hystrix,File:Der Gepunktete oder Gewöhnliche Igelfisch (Diodon hystrix) DSCF3729WI.jpg,https://upload.wikimedia.org/wikipedia/commons/e/e7/Der_Gepunktete_oder_Gew%C3%B6hnliche_Igelfisch_%28Diodon_hystrix%29_DSCF3729WI.jpg?utm_source=commons.wikimedia.org&utm_campaign=imageinfo&utm_content=original,1310c4a49ce93c8e0b8747bc62e05dd15069dca4,4224,2998,Kora27,CC BY-SA 4.0,https://commons.wikimedia.org/wiki/File:Der_Gepunktete_oder_Gew%C3%B6hnliche_Igelfisch_(Diodon_hystrix)_DSCF3729WI.jpg,unknown
Diodon hystrix,File:Diodon hystrix - 1700-1880 - Print - Iconographia Zoologica - Special Collections University of Amsterdam - UBA01 IZ15400197.tif,https://upload.wikimedia.org/wikipedia/commons/0/0a/Diodon_hystrix_-_1700-1880_-_Print_-_Iconographia_Zoologica_-_Special_Collections_University_of_Amsterdam_-_UBA01_IZ15400197.tif?utm_source=commons.wikimedia.org&utm_campaign=imageinfo&utm_content=original,6f79a163f590736273eb88c71803e5cbb47c9035,4139,2519,,Public domain,https://commons.wikimedia.org/wiki/File:Diodon_hystrix_-_1700-1880_-_Print_-_Iconographia_Zoologica_-_Special_Collections_University_of_Amsterdam_-_UBA01_IZ15400197.tif,unknown
Arothron hispidus,File:Eilat UnderwaterObservatory RareFish 9986.JPG,https://upload.wikimedia.org/wikipedia/commons/c/c6/Eilat_UnderwaterObservatory_RareFish_9986.JPG?utm_source=commons.wikimedia.org&utm_campaign=imageinfo&utm_content=original,45befa267ba4c49f1a3576611a76af321761bb5c,3708,2456,Ludvig14,CC BY-SA 4.0,https://commons.wikimedia.org/wiki/File:Eilat_UnderwaterObservatory_RareFish_9986.JPG,in_situ
Arothron hispidus,File:Arothron hispidus 1.jpg,https://upload.wikimedia.org/wikipedia/commons/9/90/Arothron_hispidus_1.jpg?utm_source=commons.wikimedia.org&utm_campaign=imageinfo&utm_content=original,e58989615a7e1f3ea57322e081c00180c22c3eb3,3373,2249,"LASZLO ILYES from Cleveland, Ohio, USA",CC BY 2.0,https://commons.wikimedia.org/wiki/File:Arothron_hispidus_1.jpg,in_situ
Arothron hispidus,File:First record of the species Arothron hispidus at the Chesterfield-Bellona reef complex in the Coral Sea Marine Park (Ifremer 00675-78686).webm,https://upload.wikimedia.org/wikipedia/commons/9/9b/First_record_of_the_species_Arothron_hispidus_at_the_Chesterfield-Bellona_reef_complex_in_the_Coral_Sea_Marine_Park_%28Ifremer_00675-78686%29.webm?utm_source=commons.wikimedia.org&utm_campaign=imageinfo&utm_content=original,0801314df5a0057b5a99937196c671fdfcec287a,1920,1080,Dominique Pelletier,CC BY 4.0,https://commons.wikimedia.org/wiki/File:First_record_of_the_species_Arothron_hispidus_at_the_Chesterfield-Bellona_reef_complex_in_the_Coral_Sea_Marine_Park_(Ifremer_00675-78686).webm,in_situ
Amphiprion ocellaris,File:Amphiprion ocellaris (Clown anemonefish) by Nick Hobgood.jpg,https://upload.wikimedia.org/wikipedia/commons/a/ad/Amphiprion_ocellaris_%28Clown_anemonefish%29_by_Nick_Hobgood.jpg?utm_source=commons.wikimedia.org&utm_campaign=imageinfo&utm_content=original,339b474c6501b2fe99edca703ed9ed7b8eee6a77,2200,1499,Nick Hobgood,CC BY-SA 3.0,https://commons.wikimedia.org/wiki/File:Amphiprion_ocellaris_(Clown_anemonefish)_by_Nick_Hobgood.jpg,in_situ
Amphiprion ocellaris,File:A. ocellaris y C. jardinei.jpg,https://upload.wikimedia.org/wikipedia/commons/6/6d/A._ocellaris_y_C._jardinei.jpg?utm_source=commons.wikimedia.org&utm_campaign=imageinfo&utm_content=original,eb44a595b0c2416e454edd1a146c4fe820bb1db2,5616,3744,Josuevg,CC BY-SA 3.0,https://commons.wikimedia.org/wiki/File:A._ocellaris_y_C._jardinei.jpg,unknown
Amphiprion ocellaris,File:Amphiprion ocellaris 363228268.jpg,https://upload.wikimedia.org/wikipedia/commons/e/e9/Amphiprion_ocellaris_363228268.jpg?utm_source=commons.wikimedia.org&utm_campaign=imageinfo&utm_content=original,008be062b62a3a19ffa6bd1da6f6004b94bb4603,2048,1532,Ditch Townsend,CC BY-SA 4.0,https://commons.wikimedia.org/wiki/File:Amphiprion_ocellaris_363228268.jpg,unknown
Thalassoma pavo,File:Costa Cabo de Gata 03.JPG,https://upload.wikimedia.org/wikipedia/commons/1/11/Costa_Cabo_de_Gata_03.JPG?utm_source=commons.wikimedia.org&utm_campaign=imageinfo&utm_content=original,674dbb9de62db147fce41d333e975994a7ebfdd5,4000,3000,Nachosan,CC BY-SA 3.0,https://commons.wikimedia.org/wiki/File:Costa_Cabo_de_Gata_03.JPG,in_situ
Thalassoma pavo,File:Costa Cabo de Gata 04.JPG,https://upload.wikimedia.org/wikipedia/commons/8/84/Costa_Cabo_de_Gata_04.JPG?utm_source=commons.wikimedia.org&utm_campaign=imageinfo&utm_content=original,13996ac81c17df5432c4d386d072692a27ce431e,4000,3000,Nachosan,CC BY-SA 3.0,https://commons.wikimedia.org/wiki/File:Costa_Cabo_de_Gata_04.JPG,in_situ
Thalassoma pavo,File:Costa Cabo de Gata 10.JPG,https://upload.wikimedia.org/wikipedia/commons/e/e4/Costa_Cabo_de_Gata_10.JPG?utm_source=commons.wikimedia.org&utm_campaign=imageinfo&utm_content=original,f503515c00efee421de5e06839ce482e3498964e,4000,3000,Nachosan,CC BY-SA 3.0,https://commons.wikimedia.org/wiki/File:Costa_Cabo_de_Gata_10.JPG,in_situ
Thalassoma bifasciatum,"File:Thalassoma bifasciatum (bluehead wrasse) (San Salvador Island, Bahamas) 17 (15532985653).jpg",https://upload.wikimedia.org/wikipedia/commons/b/b9/Thalassoma_bifasciatum_%28bluehead_wrasse%29_%28San_Salvador_Island%2C_Bahamas%29_17_%2815532985653%29.jpg?utm_source=commons.wikimedia.org&utm_campaign=imageinfo&utm_content=original,1d2d95b9b4a879dd935cfaddb486b49c4dcbe54a,3228,1688,James St. John,CC BY 2.0,"https://commons.wikimedia.org/wiki/File:Thalassoma_bifasciatum_(bluehead_wrasse)_(San_Salvador_Island,_Bahamas)_17_(15532985653).jpg",in_situ
Thalassoma bifasciatum,"File:Thalassoma bifasciatum (bluehead wrasse) (San Salvador Island, Bahamas) 18 (16152729115).jpg",https://upload.wikimedia.org/wikipedia/commons/5/54/Thalassoma_bifasciatum_%28bluehead_wrasse%29_%28San_Salvador_Island%2C_Bahamas%29_18_%2816152729115%29.jpg?utm_source=commons.wikimedia.org&utm_campaign=imageinfo&utm_content=original,8b2675f4338f590181d4ee9e9e564c200f7b6347,3156,2996,James St. John,CC BY 2.0,"https://commons.wikimedia.org/wiki/File:Thalassoma_bifasciatum_(bluehead_wrasse)_(San_Salvador_Island,_Bahamas)_18_(16152729115).jpg",in_situ
Thalassoma bifasciatum,"File:Thalassoma bifasciatum (bluehead wrasse) (San Salvador Island, Bahamas) 12 (15965416780).jpg",https://upload.wikimedia.org/wikipedia/commons/d/d4/Thalassoma_bifasciatum_%28bluehead_wrasse%29_%28San_Salvador_Island%2C_Bahamas%29_12_%2815965416780%29.jpg?utm_source=commons.wikimedia.org&utm_campaign=imageinfo&utm_content=original,6fc719b035a44450f256b4ed9aa0144fb0769b24,3112,2808,James St. John,CC BY 2.0,"https://commons.wikimedia.org/wiki/File:Thalassoma_bifasciatum_(bluehead_wrasse)_(San_Salvador_Island,_Bahamas)_12_(15965416780).jpg",in_situ
Sparisoma chrysopterum,File:American food and game fishes (Plate (68)) BHL8309147.jpg,https://upload.wikimedia.org/wikipedia/commons/7/7a/American_food_and_game_fishes_%28Plate_%2868%29%29_BHL8309147.jpg?utm_source=commons.wikimedia.org&utm_campaign=imageinfo&utm_content=original,db590514894807d08546e3cb2640860e57d3a669,3488,2433,"Dugmore, A. Radclyffe; Evermann, Barton Warren; Jordan, David Starr",Public domain,https://commons.wikimedia.org/wiki/File:American_food_and_game_fishes_(Plate_(68))_BHL8309147.jpg,unknown
Sparisoma chrysopterum,File:Sparisoma chrysopterum 236962612.jpg,https://upload.wikimedia.org/wikipedia/commons/2/2a/Sparisoma_chrysopterum_236962612.jpg?utm_source=commons.wikimedia.org&utm_campaign=imageinfo&utm_content=original,1b1d238b80674796af16b4b5d2202726457298b4,2048,1536,Dan Schofield,CC BY 4.0,https://commons.wikimedia.org/wiki/File:Sparisoma_chrysopterum_236962612.jpg,unknown
Sparisoma chrysopterum,File:Sparisoma chrysopterum 365587372.jpg,https://upload.wikimedia.org/wikipedia/commons/d/dd/Sparisoma_chrysopterum_365587372.jpg?utm_source=commons.wikimedia.org&utm_campaign=imageinfo&utm_content=original,20d8df8facc48f9d06f02045a99be9600dcaaf46,2048,1365,cello caruso-turiello,CC BY 4.0,https://commons.wikimedia.org/wiki/File:Sparisoma_chrysopterum_365587372.jpg,unknown
Serranus scriba,File:Costa Cabo de Gata 02.JPG,https://upload.wikimedia.org/wikipedia/commons/7/7e/Costa_Cabo_de_Gata_02.JPG?utm_source=commons.wikimedia.org&utm_campaign=imageinfo&utm_content=original,e22242e5813fefeb75af36cfc800f57934658c7a,4000,3000,Nachosan,CC BY-SA 3.0,https://commons.wikimedia.org/wiki/File:Costa_Cabo_de_Gata_02.JPG,in_situ
Serranus scriba,File:Costa Cabo de Gata 03.JPG,https://upload.wikimedia.org/wikipedia/commons/1/11/Costa_Cabo_de_Gata_03.JPG?utm_source=commons.wikimedia.org&utm_campaign=imageinfo&utm_content=original,674dbb9de62db147fce41d333e975994a7ebfdd5,4000,3000,Nachosan,CC BY-SA 3.0,https://commons.wikimedia.org/wiki/File:Costa_Cabo_de_Gata_03.JPG,in_situ
Serranus scriba,File:Costa Cabo de Gata 35.JPG,https://upload.wikimedia.org/wikipedia/commons/4/44/Costa_Cabo_de_Gata_35.JPG?utm_source=commons.wikimedia.org&utm_campaign=imageinfo&utm_content=original,f618c168d96ba522af21f94acb2437a3deb5b1c8,4000,3000,Nachosan,CC BY-SA 4.0,https://commons.wikimedia.org/wiki/File:Costa_Cabo_de_Gata_35.JPG,in_situ
Haemulon aurolineatum,"File:The Tomtate, Haemulon aurolineatum.jpg",https://upload.wikimedia.org/wikipedia/commons/e/e7/The_Tomtate%2C_Haemulon_aurolineatum.jpg?utm_source=commons.wikimedia.org&utm_campaign=imageinfo&utm_content=original,690ceaddb3990b74d6fc3e946652474036422b7a,3000,1908,Brian Gratwicke,CC BY 2.0,"https://commons.wikimedia.org/wiki/File:The_Tomtate,_Haemulon_aurolineatum.jpg",unknown
Haemulon aurolineatum,File:Haemulon aurolineatum - pone.0010676.g090.png,https://upload.wikimedia.org/wikipedia/commons/f/fa/Haemulon_aurolineatum_-_pone.0010676.g090.png?utm_source=commons.wikimedia.org&utm_campaign=imageinfo&utm_content=original,df21cbef240489cd4b62610313a98f4dffd54b2d,2657,844,"Williams, J. T.; Carpenter, K. E.; Van Tassell, J. L.; Hoetjes, P.; Toller, W.; Etnoyer, P.; Smith, M.",CC BY 2.5,https://commons.wikimedia.org/wiki/File:Haemulon_aurolineatum_-_pone.0010676.g090.png,unknown
Haemulon aurolineatum,File:American food and game fishes (Plate (59)) BHL8309083.jpg,https://upload.wikimedia.org/wikipedia/commons/5/5e/American_food_and_game_fishes_%28Plate_%2859%29%29_BHL8309083.jpg?utm_source=commons.wikimedia.org&utm_campaign=imageinfo&utm_content=original,0d89a97d18602e9ae5e7d33bad9719d11c0d644d,2433,3490,"Dugmore, A. Radclyffe; Evermann, Barton Warren; Jordan, David Starr",Public domain,https://commons.wikimedia.org/wiki/File:American_food_and_game_fishes_(Plate_(59))_BHL8309083.jpg,unknown
Diplodus vulgaris,File:Costa Cabo de Gata 08.JPG,https://upload.wikimedia.org/wikipedia/commons/b/bb/Costa_Cabo_de_Gata_08.JPG?utm_source=commons.wikimedia.org&utm_campaign=imageinfo&utm_content=original,002c14cdd493b8530f97f7923900a445583d72f7,4000,3000,Nachosan,CC BY-SA 3.0,https://commons.wikimedia.org/wiki/File:Costa_Cabo_de_Gata_08.JPG,in_situ
Diplodus vulgaris,File:Costa Cabo de Gata 09.JPG,https://upload.wikimedia.org/wikipedia/commons/4/45/Costa_Cabo_de_Gata_09.JPG?utm_source=commons.wikimedia.org&utm_campaign=imageinfo&utm_content=original,44ed25a392e2f6584e899f23d270c152570fb50b,4000,3000,Nachosan,CC BY-SA 3.0,https://commons.wikimedia.org/wiki/File:Costa_Cabo_de_Gata_09.JPG,in_situ
Diplodus vulgaris,File:Costa Cabo de Gata 10.JPG,https://upload.wikimedia.org/wikipedia/commons/e/e4/Costa_Cabo_de_Gata_10.JPG?utm_source=commons.wikimedia.org&utm_campaign=imageinfo&utm_content=original,f503515c00efee421de5e06839ce482e3498964e,4000,3000,Nachosan,CC BY-SA 3.0,https://commons.wikimedia.org/wiki/File:Costa_Cabo_de_Gata_10.JPG,in_situ
Clepticus parrae,File:Clepticus parrae - Reef1614.jpg,https://upload.wikimedia.org/wikipedia/commons/a/a3/Clepticus_parrae_-_Reef1614.jpg?utm_source=commons.wikimedia.org&utm_campaign=imageinfo&utm_content=original,685de4773b1635a2dce09c7322b26d69b233a7db,3150,2090,NOAA Photo Library,CC BY 2.0,https://commons.wikimedia.org/wiki/File:Clepticus_parrae_-_Reef1614.jpg,in_situ
Clepticus parrae,File:Reef1614 - Flickr - NOAA Photo Library.jpg,https://upload.wikimedia.org/wikipedia/commons/2/21/Reef1614_-_Flickr_-_NOAA_Photo_Library.jpg?utm_source=commons.wikimedia.org&utm_campaign=imageinfo&utm_content=original,a11e58d76a796ad26916daf60e0134e57c3592ec,3150,2090,"Dr. Dwayne Meadows, NOAA/NMFS/OPR.",Public domain,https://commons.wikimedia.org/wiki/File:Reef1614_-_Flickr_-_NOAA_Photo_Library.jpg,unknown
Clepticus parrae,"File:Clepticus parrae, St. Croix.jpg",https://upload.wikimedia.org/wikipedia/commons/f/f3/Clepticus_parrae%2C_St._Croix.jpg?utm_source=commons.wikimedia.org&utm_campaign=imageinfo&utm_content=original,4f40704b4eb7362112cbe0996dfdd0d42a36d9f0,3072,2304,NOAA,Public domain,"https://commons.wikimedia.org/wiki/File:Clepticus_parrae,_St._Croix.jpg",unknown
Caranx ruber,File:Caranx ruber - Reef1706.jpg,https://upload.wikimedia.org/wikipedia/commons/2/22/Caranx_ruber_-_Reef1706.jpg?utm_source=commons.wikimedia.org&utm_campaign=imageinfo&utm_content=original,62a064bc5aefd92c6b55e8b5238c0db3cca83230,3072,2304,NOAA Photo Library,CC BY 2.0,https://commons.wikimedia.org/wiki/File:Caranx_ruber_-_Reef1706.jpg,in_situ
Caranx ruber,"File:Caranx ruber (bar jack) (San Salvador Island, Bahamas) 3 (15967163929).jpg",https://upload.wikimedia.org/wikipedia/commons/9/95/Caranx_ruber_%28bar_jack%29_%28San_Salvador_Island%2C_Bahamas%29_3_%2815967163929%29.jpg?utm_source=commons.wikimedia.org&utm_campaign=imageinfo&utm_content=original,ceca0a29c0ebabaf4d5c5d0e408a19079e4fb736,2952,2736,James St. John,CC BY 2.0,"https://commons.wikimedia.org/wiki/File:Caranx_ruber_(bar_jack)_(San_Salvador_Island,_Bahamas)_3_(15967163929).jpg",in_situ
Caranx ruber,"File:Caranx ruber (bar jack) (San Salvador Island, Bahamas) 2.jpg",https://upload.wikimedia.org/wikipedia/commons/a/a2/Caranx_ruber_%28bar_jack%29_%28San_Salvador_Island%2C_Bahamas%29_2.jpg?utm_source=commons.wikimedia.org&utm_campaign=imageinfo&utm_content=original,21850f7694f1a42d7a2a65d9886f926bd9837cfc,2924,1968,James St. John,CC BY 2.0,"https://commons.wikimedia.org/wiki/File:Caranx_ruber_(bar_jack)_(San_Salvador_Island,_Bahamas)_2.jpg",in_situ
Caranx melampygus,"File:Bluefin trevally, Leeward islands.jpg",https://upload.wikimedia.org/wikipedia/commons/9/9f/Bluefin_trevally%2C_Leeward_islands.jpg?utm_source=commons.wikimedia.org&utm_campaign=imageinfo&utm_content=original,22594e67d505305c077f55f3cd5376c124876a00,1704,900,"Dr. James P. McVey, NOAA Sea Grant Program",Public domain,"https://commons.wikimedia.org/wiki/File:Bluefin_trevally,_Leeward_islands.jpg",in_situ
Caranx melampygus,File:Caranx melampygus 1.jpg,https://upload.wikimedia.org/wikipedia/commons/0/03/Caranx_melampygus_1.jpg?utm_source=commons.wikimedia.org&utm_campaign=imageinfo&utm_content=original,aa3fcba66ff7451541154e3b911f2f27bd7884c0,1600,1232,"Dr. Dwayne Meadows, NOAA/NMFS/OPR",Public domain,https://commons.wikimedia.org/wiki/File:Caranx_melampygus_1.jpg,in_situ
Caranx melampygus,"File:Bluefin Trevally, Caranx melampygus at Gota Kebir, St John's reefs, Red Sea, Egypt -SCUBA (6325517817).jpg",https://upload.wikimedia.org/wikipedia/commons/c/c0/Bluefin_Trevally%2C_Caranx_melampygus_at_Gota_Kebir%2C_St_John%27s_reefs%2C_Red_Sea%2C_Egypt_-SCUBA_%286325517817%29.jpg?utm_source=commons.wikimedia.org&utm_campaign=imageinfo&utm_content=original,aab143a61c8915256712ac416c07c0c0d0606171,1024,768,"Derek Keats from Johannesburg, South Africa",CC BY 2.0,"https://commons.wikimedia.org/wiki/File:Bluefin_Trevally,_Caranx_melampygus_at_Gota_Kebir,_St_John%27s_reefs,_Red_Sea,_Egypt_-SCUBA_(6325517817).jpg",in_situ
Caranx ignobilis,File:Blue mao mao and trevally at Mayor Island MPA PC146160.JPG,https://upload.wikimedia.org/wikipedia/commons/9/95/Blue_mao_mao_and_trevally_at_Mayor_Island_MPA_PC146160.JPG?utm_source=commons.wikimedia.org&utm_campaign=imageinfo&utm_content=original,7ca7d1266b3d5cc8dd6fddb8852d7fd8e89f6164,3648,2736,Peter Southwood,CC BY-SA 3.0,https://commons.wikimedia.org/wiki/File:Blue_mao_mao_and_trevally_at_Mayor_Island_MPA_PC146160.JPG,in_situ
Caranx ignobilis,File:Black giant trevally.jpg,https://upload.wikimedia.org/wikipedia/commons/4/40/Black_giant_trevally.jpg?utm_source=commons.wikimedia.org&utm_campaign=imageinfo&utm_content=original,74c7c2c62486dd7cfa5b234085e38fd15a4f71cc,700,525,"Dr. Dwayne Meadows, NOAA/NMFS/OPR",Public domain,https://commons.wikimedia.org/wiki/File:Black_giant_trevally.jpg,in_situ
Caranx ignobilis,File:Carangue têtue (Caranx ignobilis) (Ifremer 00755-86700).jpg,https://upload.wikimedia.org/wikipedia/commons/4/4d/Carangue_t%C3%AAtue_%28Caranx_ignobilis%29_%28Ifremer_00755-86700%29.jpg?utm_source=commons.wikimedia.org&utm_campaign=imageinfo&utm_content=original,ce88f7029c8c54c695dca46173eb256893b52926,4416,3312,"Hugues Evano (IFREMER, Délégation océan Indien (DOI), Département Ressources Biologiques et Environnement (RBE), F-97420 Le Port, France)",CC BY 4.0,https://commons.wikimedia.org/wiki/File:Carangue_t%C3%AAtue_(Caranx_ignobilis)_(Ifremer_00755-86700).jpg,unknown
Aluterus scriptus,File:Aluterus scriptus - Morze Czerwone.jpg,https://upload.wikimedia.org/wikipedia/commons/a/a7/Aluterus_scriptus_-_Morze_Czerwone.jpg?utm_source=commons.wikimedia.org&utm_campaign=imageinfo&utm_content=original,87b83bc70e1c8179de9baef498decd72f1b77645,3872,2592,Dariusz Białoń,CC BY-SA 4.0,https://commons.wikimedia.org/wiki/File:Aluterus_scriptus_-_Morze_Czerwone.jpg,unknown
Aluterus scriptus,File:Aluterus scriptus - Расписной алутер - Scrawled filefish..DSCF2999BE.jpg,https://upload.wikimedia.org/wikipedia/commons/e/ef/Aluterus_scriptus_-_%D0%A0%D0%B0%D1%81%D0%BF%D0%B8%D1%81%D0%BD%D0%BE%D0%B9_%D0%B0%D0%BB%D1%83%D1%82%D0%B5%D1%80_-_Scrawled_filefish..DSCF2999BE.jpg?utm_source=commons.wikimedia.org&utm_campaign=imageinfo&utm_content=original,9aef662b0088b849d190fe2a4d318713b0135365,3524,2326,Kora27,CC BY-SA 4.0,https://commons.wikimedia.org/wiki/File:Aluterus_scriptus_-_%D0%A0%D0%B0%D1%81%D0%BF%D0%B8%D1%81%D0%BD%D0%BE%D0%B9_%D0%B0%D0%BB%D1%83%D1%82%D0%B5%D1%80_-_Scrawled_filefish..DSCF2999BE.jpg,unknown
Aluterus scriptus,File:Aluterus scriptus - Расписной алутер - Scrawled filefish.DSCF2963BE.jpg,https://upload.wikimedia.org/wikipedia/commons/0/04/Aluterus_scriptus_-_%D0%A0%D0%B0%D1%81%D0%BF%D0%B8%D1%81%D0%BD%D0%BE%D0%B9_%D0%B0%D0%BB%D1%83%D1%82%D0%B5%D1%80_-_Scrawled_filefish.DSCF2963BE.jpg?utm_source=commons.wikimedia.org&utm_campaign=imageinfo&utm_content=original,b57565e89bf4d2ebb3cdd9ed45a32a28d647df60,3523,2332,Kora27,CC BY-SA 4.0,https://commons.wikimedia.org/wiki/File:Aluterus_scriptus_-_%D0%A0%D0%B0%D1%81%D0%BF%D0%B8%D1%81%D0%BD%D0%BE%D0%B9_%D0%B0%D0%BB%D1%83%D1%82%D0%B5%D1%80_-_Scrawled_filefish.DSCF2963BE.jpg,unknown
Sphyraena qenie,File:School of blackfin barracuda (sphyraena qenie).JPG,https://upload.wikimedia.org/wikipedia/commons/4/45/School_of_blackfin_barracuda_%28sphyraena_qenie%29.JPG?utm_source=commons.wikimedia.org&utm_campaign=imageinfo&utm_content=original,6715a95abb2091ff21178a5f09bcede877d6a1cf,2609,2781,Alexander Vasenin,CC BY-SA 3.0,https://commons.wikimedia.org/wiki/File:School_of_blackfin_barracuda_(sphyraena_qenie).JPG,in_situ
Sphyraena qenie,File:Blackfin Barracuda Sphyraena Genie (223114763).jpeg,https://upload.wikimedia.org/wikipedia/commons/e/ea/Blackfin_Barracuda_Sphyraena_Genie_%28223114763%29.jpeg?utm_source=commons.wikimedia.org&utm_campaign=imageinfo&utm_content=original,80fb7b568ec897d8d072cf8707a3f993eb61e5a5,2048,1152,Kris Mikael Krister,CC BY 3.0,https://commons.wikimedia.org/wiki/File:Blackfin_Barracuda_Sphyraena_Genie_(223114763).jpeg,in_situ
Sphyraena qenie,File:Blackfin Barracuda (Sphyraena qenie) (6130567854).jpg,https://upload.wikimedia.org/wikipedia/commons/f/fd/Blackfin_Barracuda_%28Sphyraena_qenie%29_%286130567854%29.jpg?utm_source=commons.wikimedia.org&utm_campaign=imageinfo&utm_content=original,7ffda0f4118503e3b132e8ed0c8f6fa39db504b8,4416,2649,Bernard DUPONT from FRANCE,CC BY-SA 2.0,https://commons.wikimedia.org/wiki/File:Blackfin_Barracuda_(Sphyraena_qenie)_(6130567854).jpg,unknown
Sarpa salpa,File:Costa Cabo de Gata 17.JPG,https://upload.wikimedia.org/wikipedia/commons/a/a1/Costa_Cabo_de_Gata_17.JPG?utm_source=commons.wikimedia.org&utm_campaign=imageinfo&utm_content=original,6746db90d0ea3bba9433218ba3fb9191925d201e,4000,3000,Nachosan,CC BY-SA 3.0,https://commons.wikimedia.org/wiki/File:Costa_Cabo_de_Gata_17.JPG,in_situ
Sarpa salpa,File:Costa Cabo de Gata 19.JPG,https://upload.wikimedia.org/wikipedia/commons/1/16/Costa_Cabo_de_Gata_19.JPG?utm_source=commons.wikimedia.org&utm_campaign=imageinfo&utm_content=original,63ae34058479e31669b72036f345f20a302bfd4b,4000,3000,Nachosan,CC BY-SA 3.0,https://commons.wikimedia.org/wiki/File:Costa_Cabo_de_Gata_19.JPG,in_situ
Sarpa salpa,File:Costa Cabo de Gata 29.JPG,https://upload.wikimedia.org/wikipedia/commons/0/09/Costa_Cabo_de_Gata_29.JPG?utm_source=commons.wikimedia.org&utm_campaign=imageinfo&utm_content=original,569ab260a4f1a060442e1b64f0205a5743c4cada,4000,3000,Nachosan,CC BY-SA 4.0,https://commons.wikimedia.org/wiki/File:Costa_Cabo_de_Gata_29.JPG,in_situ
Rhincodon typus,File:Leviathan - Part 1 (2073739636).jpg,https://upload.wikimedia.org/wikipedia/commons/c/cc/Leviathan_-_Part_1_%282073739636%29.jpg?utm_source=commons.wikimedia.org&utm_campaign=imageinfo&utm_content=original,97c8d9fb09aaef3f46670f8f965d1ca1009a2cbc,4368,2912,"LASZLO ILYES from Cleveland, Ohio, USA",CC BY 2.0,https://commons.wikimedia.org/wiki/File:Leviathan_-_Part_1_(2073739636).jpg,in_situ
Rhincodon typus,File:Gentle Giant (235185493).jpeg,https://upload.wikimedia.org/wikipedia/commons/3/31/Gentle_Giant_%28235185493%29.jpeg?utm_source=commons.wikimedia.org&utm_campaign=imageinfo&utm_content=original,d58f6788b9d4b96ddde921ce8f101febf16bb70a,2048,1365,Tilonaut,CC BY 3.0,https://commons.wikimedia.org/wiki/File:Gentle_Giant_(235185493).jpeg,in_situ
Rhincodon typus,"File:The Whaleshark Collection at Daedalus Reef, Red Sea, Egypt passing by again (6147234339).jpg",https://upload.wikimedia.org/wikipedia/commons/7/7f/The_Whaleshark_Collection_at_Daedalus_Reef%2C_Red_Sea%2C_Egypt_passing_by_again_%286147234339%29.jpg?utm_source=commons.wikimedia.org&utm_campaign=imageinfo&utm_content=original,61cbafc8c1569349cb4b039c09d2626c5fac4f7a,1024,764,"Derek Keats from Johannesburg, South Africa",CC BY 2.0,"https://commons.wikimedia.org/wiki/File:The_Whaleshark_Collection_at_Daedalus_Reef,_Red_Sea,_Egypt_passing_by_again_(6147234339).jpg",in_situ
Plectropomus leopardus,File:Plectropomus leopardus Australia.jpg,https://upload.wikimedia.org/wikipedia/commons/f/f3/Plectropomus_leopardus_Australia.jpg?utm_source=commons.wikimedia.org&utm_campaign=imageinfo&utm_content=original,76b4c9ee4dedec164604d9ba7f05f8ae573eb6bc,2048,1151,jpdandretta,CC BY 4.0,https://commons.wikimedia.org/wiki/File:Plectropomus_leopardus_Australia.jpg,in_situ
Plectropomus leopardus,File:Plectropomus leopardus.jpg,https://upload.wikimedia.org/wikipedia/commons/3/32/Plectropomus_leopardus.jpg?utm_source=commons.wikimedia.org&utm_campaign=imageinfo&utm_content=original,065c29276ff68f136f548dd8893b0c5931684b76,2016,1384,Leonard Low from Australia,CC BY 2.0,https://commons.wikimedia.org/wiki/File:Plectropomus_leopardus.jpg,in_situ
Plectropomus leopardus,"File:Coral trout at Dangerous Reef, St John's reefs, Red Sea, Egypt -SCUBA (6328925335).jpg",https://upload.wikimedia.org/wikipedia/commons/1/1e/Coral_trout_at_Dangerous_Reef%2C_St_John%27s_reefs%2C_Red_Sea%2C_Egypt_-SCUBA_%286328925335%29.jpg?utm_source=commons.wikimedia.org&utm_campaign=imageinfo&utm_content=original,23a2c2afe0b2e98d6ac1c6a10ee57cb5da4bc281,1024,768,"Derek Keats from Johannesburg, South Africa",CC BY 2.0,"https://commons.wikimedia.org/wiki/File:Coral_trout_at_Dangerous_Reef,_St_John%27s_reefs,_Red_Sea,_Egypt_-SCUBA_(6328925335).jpg",in_situ
Naso unicornis,File:Bluespine unicornfish - Guam.jpg,https://upload.wikimedia.org/wikipedia/commons/f/fb/Bluespine_unicornfish_-_Guam.jpg?utm_source=commons.wikimedia.org&utm_campaign=imageinfo&utm_content=original,39cea923798e096d7a19e04cc2788494f0982de7,1279,826,NOAA Fisheries/Kevin Lino,Public domain,https://commons.wikimedia.org/wiki/File:Bluespine_unicornfish_-_Guam.jpg,in_situ
Naso unicornis,File:Bluespine unicornfish green island.jpg,https://upload.wikimedia.org/wikipedia/commons/5/54/Bluespine_unicornfish_green_island.jpg?utm_source=commons.wikimedia.org&utm_campaign=imageinfo&utm_content=original,793c87a3b8e1343aef76e22e9b79e5ee8a0cd08b,1025,769,Diver Vincent,CC BY-SA 3.0,https://commons.wikimedia.org/wiki/File:Bluespine_unicornfish_green_island.jpg,in_situ
Naso unicornis,File:Bluespine Unicornfish Exhibiting Flashing Behavior.png,https://upload.wikimedia.org/wikipedia/commons/4/4d/Bluespine_Unicornfish_Exhibiting_Flashing_Behavior.png?utm_source=commons.wikimedia.org&utm_campaign=imageinfo&utm_content=original,f59acc41d101ab89054e4e576d4769efbe64dc46,744,648,Aleeshact,CC0,https://commons.wikimedia.org/wiki/File:Bluespine_Unicornfish_Exhibiting_Flashing_Behavior.png,in_situ
Mycteroperca bonaci,File:Abrolhos Marine National ParkRobertoCostaPinto18.jpg,https://upload.wikimedia.org/wikipedia/commons/7/77/Abrolhos_Marine_National_ParkRobertoCostaPinto18.jpg?utm_source=commons.wikimedia.org&utm_campaign=imageinfo&utm_content=original,b7e0895432bf036ec4a0906702a2145cf06512cf,6720,4480,RobertoCostaPinto,CC BY-SA 4.0,https://commons.wikimedia.org/wiki/File:Abrolhos_Marine_National_ParkRobertoCostaPinto18.jpg,unknown
Mycteroperca bonaci,"File:Serránido (Mycteroperca bonaci), San Pedro, Belice, 2025-12-17, DD 179.jpg",https://upload.wikimedia.org/wikipedia/commons/6/66/Serr%C3%A1nido_%28Mycteroperca_bonaci%29%2C_San_Pedro%2C_Belice%2C_2025-12-17%2C_DD_179.jpg?utm_source=commons.wikimedia.org&utm_campaign=imageinfo&utm_content=original,51cd997549a2c72b9653c9fc44e12aea1d5190dc,6682,4455,Diego Delso,CC BY-SA 4.0,"https://commons.wikimedia.org/wiki/File:Serr%C3%A1nido_(Mycteroperca_bonaci),_San_Pedro,_Belice,_2025-12-17,_DD_179.jpg",unknown
Mycteroperca bonaci,"File:Serránido (Mycteroperca bonaci), San Pedro, Belice, 2025-12-17, DD 71.jpg",https://upload.wikimedia.org/wikipedia/commons/5/50/Serr%C3%A1nido_%28Mycteroperca_bonaci%29%2C_San_Pedro%2C_Belice%2C_2025-12-17%2C_DD_71.jpg?utm_source=commons.wikimedia.org&utm_campaign=imageinfo&utm_content=original,79ffcb23231a87708fd3b4c115ae055dcc546360,4970,3313,Diego Delso,CC BY-SA 4.0,"https://commons.wikimedia.org/wiki/File:Serr%C3%A1nido_(Mycteroperca_bonaci),_San_Pedro,_Belice,_2025-12-17,_DD_71.jpg",unknown
Mullus surmuletus,File:Costa Cabo de Gata 08.JPG,https://upload.wikimedia.org/wikipedia/commons/b/bb/Costa_Cabo_de_Gata_08.JPG?utm_source=commons.wikimedia.org&utm_campaign=imageinfo&utm_content=original,002c14cdd493b8530f97f7923900a445583d72f7,4000,3000,Nachosan,CC BY-SA 3.0,https://commons.wikimedia.org/wiki/File:Costa_Cabo_de_Gata_08.JPG,in_situ
Mullus surmuletus,File:Mullus surmuletus 2.jpg,https://upload.wikimedia.org/wikipedia/commons/5/56/Mullus_surmuletus_2.jpg?utm_source=commons.wikimedia.org&utm_campaign=imageinfo&utm_content=original,974a222522dc92cc43e8cacb9a56c856179d6d8b,2132,986,Vasilis Andreou,CC BY-SA 4.0,https://commons.wikimedia.org/wiki/File:Mullus_surmuletus_2.jpg,in_situ
Mullus surmuletus,"File:Filets de rougets barbets grillés à la provençale - Le Turbot, Dieppe 2026-05-09.jpg",https://upload.wikimedia.org/wikipedia/commons/9/99/Filets_de_rougets_barbets_grill%C3%A9s_%C3%A0_la_proven%C3%A7ale_-_Le_Turbot%2C_Dieppe_2026-05-09.jpg?utm_source=commons.wikimedia.org&utm_campaign=imageinfo&utm_content=original,1debcb2a6026e66e181aa8b83503d1372eb8460a,8160,6144,Andy Li,CC0,"https://commons.wikimedia.org/wiki/File:Filets_de_rougets_barbets_grill%C3%A9s_%C3%A0_la_proven%C3%A7ale_-_Le_Turbot,_Dieppe_2026-05-09.jpg",unknown
Kyphosus sectatrix,File:Bermuda chub.jpg,https://upload.wikimedia.org/wikipedia/commons/1/17/Bermuda_chub.jpg?utm_source=commons.wikimedia.org&utm_campaign=imageinfo&utm_content=original,ee0f67e9ae66264a318966c8daf6449972602599,792,598,Johnmartindavies,CC BY-SA 3.0,https://commons.wikimedia.org/wiki/File:Bermuda_chub.jpg,in_situ
Kyphosus sectatrix,File:Abrolhos Marine National ParkRobertoCostaPinto01.jpg,https://upload.wikimedia.org/wikipedia/commons/7/7c/Abrolhos_Marine_National_ParkRobertoCostaPinto01.jpg?utm_source=commons.wikimedia.org&utm_campaign=imageinfo&utm_content=original,a7a8a04d385e604b1aeb65b93e58e8bfeaf72e5e,6720,4480,RobertoCostaPinto,CC BY-SA 4.0,https://commons.wikimedia.org/wiki/File:Abrolhos_Marine_National_ParkRobertoCostaPinto01.jpg,unknown
Kyphosus sectatrix,File:Histoire naturelle des poissons (10438585964).jpg,https://upload.wikimedia.org/wikipedia/commons/e/e4/Histoire_naturelle_des_poissons_%2810438585964%29.jpg?utm_source=commons.wikimedia.org&utm_campaign=imageinfo&utm_content=original,bb57d2c8e583c070e968de8dbd764ae6431b77f5,3200,1928,"Buffon, Georges Louis Leclerc; Cuvier, Georges; Valenciennes",Public domain,https://commons.wikimedia.org/wiki/File:Histoire_naturelle_des_poissons_(10438585964).jpg,unknown
Holocentrus adscensionis,"File:Squirrelfish (Holocentrus squirrelfish) (San Salvador Island, Bahamas) (16180787791).jpg",https://upload.wikimedia.org/wikipedia/commons/1/1e/Squirrelfish_%28Holocentrus_squirrelfish%29_%28San_Salvador_Island%2C_Bahamas%29_%2816180787791%29.jpg?utm_source=commons.wikimedia.org&utm_campaign=imageinfo&utm_content=original,7653424c1d7971afdd6d329943b56bc318bdce87,3000,2400,James St. John,CC BY 2.0,"https://commons.wikimedia.org/wiki/File:Squirrelfish_(Holocentrus_squirrelfish)_(San_Salvador_Island,_Bahamas)_(16180787791).jpg",in_situ
Holocentrus adscensionis,"File:Holocentrus adscensionis (squirrelfish) & Haemulon flavolineatum (French grunts) (San Salvador Island, Bahamas) (16182196342).jpg",https://upload.wikimedia.org/wikipedia/commons/4/43/Holocentrus_adscensionis_%28squirrelfish%29_%26_Haemulon_flavolineatum_%28French_grunts%29_%28San_Salvador_Island%2C_Bahamas%29_%2816182196342%29.jpg?utm_source=commons.wikimedia.org&utm_campaign=imageinfo&utm_content=original,b39338b8c458fde882902b65d696ea26a2c943e7,2524,1306,James St. John,CC BY 2.0,"https://commons.wikimedia.org/wiki/File:Holocentrus_adscensionis_(squirrelfish)_%26_Haemulon_flavolineatum_(French_grunts)_(San_Salvador_Island,_Bahamas)_(16182196342).jpg",in_situ
Holocentrus adscensionis,File:Holocentrus adscensionis in Madagascar Reef.jpg,https://upload.wikimedia.org/wikipedia/commons/e/e2/Holocentrus_adscensionis_in_Madagascar_Reef.jpg?utm_source=commons.wikimedia.org&utm_campaign=imageinfo&utm_content=original,b759cbc4e92cbe68573aeba538d689dcfbf7e78b,1024,653,"Simões, N.; Zarco Perello, S.; Moreno Mendoza, R.",CC BY 4.0,https://commons.wikimedia.org/wiki/File:Holocentrus_adscensionis_in_Madagascar_Reef.jpg,in_situ
Gymnothorax moringa,File:Gymnothorax moringa - Reef1848.jpg,https://upload.wikimedia.org/wikipedia/commons/f/f5/Gymnothorax_moringa_-_Reef1848.jpg?utm_source=commons.wikimedia.org&utm_campaign=imageinfo&utm_content=original,6b8183112405b32fc6c5bb357c2232fac104aee5,2048,1536,NOAA Photo Library,CC BY 2.0,https://commons.wikimedia.org/wiki/File:Gymnothorax_moringa_-_Reef1848.jpg,in_situ
Gymnothorax moringa,File:F de Castelnau-poissonsPl43.jpg,https://upload.wikimedia.org/wikipedia/commons/5/5d/F_de_Castelnau-poissonsPl43.jpg?utm_source=commons.wikimedia.org&utm_campaign=imageinfo&utm_content=original,dc5a6d97d3030270b6d2d93cd623b585c7979911,2836,2112,"François-Louis Laporte, comte de Castelnau",Public domain,https://commons.wikimedia.org/wiki/File:F_de_Castelnau-poissonsPl43.jpg,unknown
Gymnothorax moringa,File:F de Castelnau-poissonsPl42.jpg,https://upload.wikimedia.org/wikipedia/commons/c/ca/F_de_Castelnau-poissonsPl42.jpg?utm_source=commons.wikimedia.org&utm_campaign=imageinfo&utm_content=original,9cdcb2e2330f3032acfebc775284ec1c4acd75fb,2787,2090,"François-Louis Laporte, comte de Castelnau",Public domain,https://commons.wikimedia.org/wiki/File:F_de_Castelnau-poissonsPl42.jpg,unknown
Galeocerdo cuvier,File:Tiger Shark Galeocerdo Cuvier (223179837).jpeg,https://upload.wikimedia.org/wikipedia/commons/3/37/Tiger_Shark_Galeocerdo_Cuvier_%28223179837%29.jpeg?utm_source=commons.wikimedia.org&utm_campaign=imageinfo&utm_content=original,c00f86f9cc9071a6ac4d5f3aa02205e4138c4745,2048,1153,Kris Mikael Krister,CC BY 3.0,https://commons.wikimedia.org/wiki/File:Tiger_Shark_Galeocerdo_Cuvier_(223179837).jpeg,in_situ
Galeocerdo cuvier,File:Tiger Shark At Tigerbeach Bahamas (149044369).jpeg,https://upload.wikimedia.org/wikipedia/commons/6/65/Tiger_Shark_At_Tigerbeach_Bahamas_%28149044369%29.jpeg?utm_source=commons.wikimedia.org&utm_campaign=imageinfo&utm_content=original,fff9e4aa4c34fd82a613050527f07b18c4b3c8e4,900,596,Marion Kraschl,CC BY 3.0,https://commons.wikimedia.org/wiki/File:Tiger_Shark_At_Tigerbeach_Bahamas_(149044369).jpeg,in_situ
Galeocerdo cuvier,File:Marineland FL - Diver and Shark at Marine Studios (NBY 429250).jpg,https://upload.wikimedia.org/wikipedia/commons/1/1c/Marineland_FL_-_Diver_and_Shark_at_Marine_Studios_%28NBY_429250%29.jpg?utm_source=commons.wikimedia.org&utm_campaign=imageinfo&utm_content=original,19f1af0464d9f0fc69fd5f1edd948ae8c1a90292,818,519,Unknown authorUnknown author,Public domain,https://commons.wikimedia.org/wiki/File:Marineland_FL_-_Diver_and_Shark_at_Marine_Studios_(NBY_429250).jpg,in_situ
Canthigaster rostrata,"File:Fish- US and British Virgin Islands, CC BY-SA credit Kira Hammond.webm",https://upload.wikimedia.org/wikipedia/commons/d/d1/Fish-_US_and_British_Virgin_Islands%2C_CC_BY-SA_credit_Kira_Hammond.webm?utm_source=commons.wikimedia.org&utm_campaign=imageinfo&utm_content=original,cb34e9b268aafdde443a0585b3b3463e2c9efd54,1920,1080,KiraClone,CC BY 3.0,"https://commons.wikimedia.org/wiki/File:Fish-_US_and_British_Virgin_Islands,_CC_BY-SA_credit_Kira_Hammond.webm",in_situ
Canthigaster rostrata,File:Sharpnose puffer canthigaster rostrata.jpg,https://upload.wikimedia.org/wikipedia/commons/4/45/Sharpnose_puffer_canthigaster_rostrata.jpg?utm_source=commons.wikimedia.org&utm_campaign=imageinfo&utm_content=original,388e6d1b84d1af6cef3dc2a7a2b2b7f66ad31072,3456,2304,Brian Gratwicke,CC BY 2.0,https://commons.wikimedia.org/wiki/File:Sharpnose_puffer_canthigaster_rostrata.jpg,unknown
Canthigaster rostrata,File:Canthigaster rostrata (47475835002).jpg,https://upload.wikimedia.org/wikipedia/commons/7/7a/Canthigaster_rostrata_%2847475835002%29.jpg?utm_source=commons.wikimedia.org&utm_campaign=imageinfo&utm_content=original,65766c56b30832ab53e66879e13a282196697ca3,3231,2154,"LASZLO ILYES from Cleveland, Ohio, USA",CC BY 2.0,https://commons.wikimedia.org/wiki/File:Canthigaster_rostrata_(47475835002).jpg,unknown
Bodianus rufus,"File:Bodianus rufus (Spanish hogfish) (San Salvador Island, Bahamas) 1 (15563634653).jpg",https://upload.wikimedia.org/wikipedia/commons/1/17/Bodianus_rufus_%28Spanish_hogfish%29_%28San_Salvador_Island%2C_Bahamas%29_1_%2815563634653%29.jpg?utm_source=commons.wikimedia.org&utm_campaign=imageinfo&utm_content=original,2012dacfe7afe589fa2b9494a3e32958f94e62bc,3000,2400,James St. John,CC BY 2.0,"https://commons.wikimedia.org/wiki/File:Bodianus_rufus_(Spanish_hogfish)_(San_Salvador_Island,_Bahamas)_1_(15563634653).jpg",in_situ
Bodianus rufus,"File:Bodianus rufus (Spanish hogfish) (San Salvador Island, Bahamas) 2 (16183429865).jpg",https://upload.wikimedia.org/wikipedia/commons/b/bf/Bodianus_rufus_%28Spanish_hogfish%29_%28San_Salvador_Island%2C_Bahamas%29_2_%2816183429865%29.jpg?utm_source=commons.wikimedia.org&utm_campaign=imageinfo&utm_content=original,90fe2f1b370c0b2c120f5340ba03d222d4838c1f,1988,1824,James St. John,CC BY 2.0,"https://commons.wikimedia.org/wiki/File:Bodianus_rufus_(Spanish_hogfish)_(San_Salvador_Island,_Bahamas)_2_(16183429865).jpg",in_situ
Bodianus rufus,File:Spanish Hogfish 1a Davy Crocker Reef 20230712.jpg,https://upload.wikimedia.org/wikipedia/commons/c/ce/Spanish_Hogfish_1a_Davy_Crocker_Reef_20230712.jpg?utm_source=commons.wikimedia.org&utm_campaign=imageinfo&utm_content=original,48ab37e0c8553289686f69df335b7270cd8da54f,640,480,Jstuby,CC0,https://commons.wikimedia.org/wiki/File:Spanish_Hogfish_1a_Davy_Crocker_Reef_20230712.jpg,in_situ
Balistes vetula,"File:Balistes vetula (queen triggerfish) (San Salvador Island, Bahamas) 1 (16149228661).jpg",https://upload.wikimedia.org/wikipedia/commons/7/78/Balistes_vetula_%28queen_triggerfish%29_%28San_Salvador_Island%2C_Bahamas%29_1_%2816149228661%29.jpg?utm_source=commons.wikimedia.org&utm_campaign=imageinfo&utm_content=original,95d4cf99fe32500606330cadc9b5171d9660ccc0,3000,2400,James St. John,CC BY 2.0,"https://commons.wikimedia.org/wiki/File:Balistes_vetula_(queen_triggerfish)_(San_Salvador_Island,_Bahamas)_1_(16149228661).jpg",in_situ
Balistes vetula,"File:Balistes vetula (queen triggerfish) (San Salvador Island, Bahamas) 4.jpg",https://upload.wikimedia.org/wikipedia/commons/7/7d/Balistes_vetula_%28queen_triggerfish%29_%28San_Salvador_Island%2C_Bahamas%29_4.jpg?utm_source=commons.wikimedia.org&utm_campaign=imageinfo&utm_content=original,39815068b1f747cafd2f81d67ea1ba017d8f8245,3000,2400,James St. John,CC BY 2.0,"https://commons.wikimedia.org/wiki/File:Balistes_vetula_(queen_triggerfish)_(San_Salvador_Island,_Bahamas)_4.jpg",in_situ
Balistes vetula,"File:Balistes vetula (queen triggerfish) (San Salvador Island, Bahamas) 4 (16151145845).jpg",https://upload.wikimedia.org/wikipedia/commons/b/bb/Balistes_vetula_%28queen_triggerfish%29_%28San_Salvador_Island%2C_Bahamas%29_4_%2816151145845%29.jpg?utm_source=commons.wikimedia.org&utm_campaign=imageinfo&utm_content=original,d1570616397d3af018c9ed07225899b749b768c2,3000,2400,James St. John,CC BY 2.0,"https://commons.wikimedia.org/wiki/File:Balistes_vetula_(queen_triggerfish)_(San_Salvador_Island,_Bahamas)_4_(16151145845).jpg",in_situ
Aluterus schoepfii,File:Monacanthus punctatus - 1700-1880 - Print - Iconographia Zoologica - Special Collections University of Amsterdam - UBA01 IZ15400183.tif,https://upload.wikimedia.org/wikipedia/commons/2/22/Monacanthus_punctatus_-_1700-1880_-_Print_-_Iconographia_Zoologica_-_Special_Collections_University_of_Amsterdam_-_UBA01_IZ15400183.tif?utm_source=commons.wikimedia.org&utm_campaign=imageinfo&utm_content=original,d0520ab5c5c7465f225eabac316b0fbf6275bf04,3643,2548,,Public domain,https://commons.wikimedia.org/wiki/File:Monacanthus_punctatus_-_1700-1880_-_Print_-_Iconographia_Zoologica_-_Special_Collections_University_of_Amsterdam_-_UBA01_IZ15400183.tif,unknown
Aluterus schoepfii,File:Aluterus schoepfii (S1039) (15424712737).jpg,https://upload.wikimedia.org/wikipedia/commons/d/d3/Aluterus_schoepfii_%28S1039%29_%2815424712737%29.jpg?utm_source=commons.wikimedia.org&utm_campaign=imageinfo&utm_content=original,531196bc563ce47d1142403fc08bc73589f4470b,3514,1362,Smithsonian Environmental Research Center,CC BY 2.0,https://commons.wikimedia.org/wiki/File:Aluterus_schoepfii_(S1039)_(15424712737).jpg,unknown
Aluterus schoepfii,File:Orange filefish ( Aluterus schoepfii ).jpg,https://upload.wikimedia.org/wikipedia/commons/c/ce/Orange_filefish_%28_Aluterus_schoepfii_%29.jpg?utm_source=commons.wikimedia.org&utm_campaign=imageinfo&utm_content=original,f41783ab60ee5c733fc8263670d81e4b85294e0b,2232,891,"SEFSC Pascagoula Laboratory; Collection of Brandi Noble, NOAA/NMFS/SEFSC",Public domain,https://commons.wikimedia.org/wiki/File:Orange_filefish_(_Aluterus_schoepfii_).jpg,unknown
