species,photo_id,url,license,author,author_login,observed_on,source_page,attribution,sha256
Caretta caretta,428968449,https://inaturalist-open-data.s3.amazonaws.com/photos/428968449/medium.jpeg,CC-BY 4.0,Michael Bommerer,michael_bommerer,2024-09-08,https://www.inaturalist.org/observations/240748882,"© Michael Bommerer, some rights reserved (CC-BY)",d6302c7745aa08940b99d633c98d5aeaae378fb09bba2ba12a5b111677cffc57
Caretta caretta,428968478,https://inaturalist-open-data.s3.amazonaws.com/photos/428968478/medium.jpeg,CC-BY 4.0,Michael Bommerer,michael_bommerer,2024-09-08,https://www.inaturalist.org/observations/240748882,"© Michael Bommerer, some rights reserved (CC-BY)",bd83c908528d99e666d8b7828b5e24c9053c07657d03894108deb0d0b4e8c8eb
Caretta caretta,1622197,https://inaturalist-open-data.s3.amazonaws.com/photos/1622197/medium.JPG,CC-BY 4.0,Annika Lindqvist,annikaml,2011-06-28,https://www.inaturalist.org/observations/1293229,"© Annika Lindqvist, some rights reserved (CC-BY)",7dc0c304fb1d1627b317464d1c28d53d285d5e0ca758b56b2ae4382bcc932103
Caretta caretta,1622593,https://inaturalist-open-data.s3.amazonaws.com/photos/1622593/medium.JPG,CC-BY 4.0,Annika Lindqvist,annikaml,2011-06-28,https://www.inaturalist.org/observations/1293229,"© Annika Lindqvist, some rights reserved (CC-BY)",93532d84320de6e5a707b9f9b200b109cdec501ebbc4f7f1dae7ac5289152523
Caretta caretta,240365505,https://inaturalist-open-data.s3.amazonaws.com/photos/240365505/medium.jpeg,CC-BY 4.0,shahar chaikin,shaharchaikin,2021-11-09,https://www.inaturalist.org/observations/140421321,"© shahar chaikin, some rights reserved (CC-BY)",56f5a612a557710c9086e1be4aa5ca6e84a2e1b3d22e3a0474e4d584db9b3df6
Caretta caretta,240365524,https://inaturalist-open-data.s3.amazonaws.com/photos/240365524/medium.jpeg,CC-BY 4.0,shahar chaikin,shaharchaikin,2021-11-09,https://www.inaturalist.org/observations/140421321,"© shahar chaikin, some rights reserved (CC-BY)",c206508b01c6e461e545e533e47a3392b685728dfec4d450e3d36b59a2029c37
Caretta caretta,406019077,https://inaturalist-open-data.s3.amazonaws.com/photos/406019077/medium.jpeg,CC-BY 4.0,Abigail Luxford-Noyes,aggie99,2024-07-08,https://www.inaturalist.org/observations/228427630,"© Abigail Luxford-Noyes, some rights reserved (CC-BY)",e062231c40ac5d29f0cbb62e3fd590b1eab7ea733c39fe8fa6538668eac77457
Caretta caretta,639535625,https://inaturalist-open-data.s3.amazonaws.com/photos/639535625/medium.jpg,CC-BY 4.0,Dan Schofield,djscho,2026-04-10,https://www.inaturalist.org/observations/350507108,"© Dan Schofield, some rights reserved (CC-BY)",e46f949294d4530adb6ef7f58843da0ebcfc0ddfd8f972d82d01e4666a087f9d
Caretta caretta,639535617,https://inaturalist-open-data.s3.amazonaws.com/photos/639535617/medium.jpg,CC-BY 4.0,Dan Schofield,djscho,2026-04-10,https://www.inaturalist.org/observations/350507108,"© Dan Schofield, some rights reserved (CC-BY)",a78a10044a31fbcbcf1c8b62e6fe187772bb6ba3c626b9afed741f958d022a25
Caretta caretta,593628582,https://inaturalist-open-data.s3.amazonaws.com/photos/593628582/medium.jpg,CC-BY 4.0,nbasargin,nbasargin,2025-08-25,https://www.inaturalist.org/observations/327649196,"© nbasargin, some rights reserved (CC-BY)",75af80a4030f1f5f5e41f41b2141a7cb1f07d528fb38b3ede47e19e322d72de1
Caretta caretta,593628568,https://inaturalist-open-data.s3.amazonaws.com/photos/593628568/medium.jpg,CC-BY 4.0,nbasargin,nbasargin,2025-08-25,https://www.inaturalist.org/observations/327649196,"© nbasargin, some rights reserved (CC-BY)",00a644650296d9e0f85c0ae9735957f1ac3f102c4c3819ef11a9fe383fe862da
Caretta caretta,579903312,https://inaturalist-open-data.s3.amazonaws.com/photos/579903312/medium.jpg,CC-BY 4.0,Julien Renoult,jujurenoult,2025-09-28,https://www.inaturalist.org/observations/320715712,"© Julien Renoult, some rights reserved (CC-BY)",f15ad3884314a06eb00b42e862e5e89857175bc3e22fb31cb8a4c5ae81045411
Caretta caretta,222165410,https://inaturalist-open-data.s3.amazonaws.com/photos/222165410/medium.jpeg,CC-BY 4.0,Sarah Faulwetter,sarahfaulwetter,2021-08-18,https://www.inaturalist.org/observations/130620742,"© Sarah Faulwetter, some rights reserved (CC-BY)",a47b087a89cfaf78309567b8a0c71ebfb524853a9868621fdacb7fba8b1e37a3
Caretta caretta,222165391,https://inaturalist-open-data.s3.amazonaws.com/photos/222165391/medium.jpeg,CC-BY 4.0,Sarah Faulwetter,sarahfaulwetter,2021-08-18,https://www.inaturalist.org/observations/130620742,"© Sarah Faulwetter, some rights reserved (CC-BY)",55ea89268e4a72ce6b8307d2345d97aec3fe77ca226c3b9c18cff7a356d23447
Caretta caretta,321326099,https://inaturalist-open-data.s3.amazonaws.com/photos/321326099/medium.jpeg,CC-BY 4.0,Dan Schofield,djscho,2023-06-24,https://www.inaturalist.org/observations/184111040,"© Dan Schofield, some rights reserved (CC-BY)",098dd64203f0b2aefe9dd701574dba7bf320e1be77b5153166c34819877da47f
Caretta caretta,314865447,https://inaturalist-open-data.s3.amazonaws.com/photos/314865447/medium.jpeg,CC-BY 4.0,Hugo Innes,hugo_innes,2023-08-07,https://www.inaturalist.org/observations/180727892,"© Hugo Innes, some rights reserved (CC-BY)",891c0664c36c122fc9dd7746e51831a567e8bffac21bb96b61ddc9faeff1d08d
Caretta caretta,308882135,https://inaturalist-open-data.s3.amazonaws.com/photos/308882135/medium.jpeg,CC-BY 4.0,Christine Loew,fresa_diving_caves,2019-05-03,https://www.inaturalist.org/observations/177585344,"© Christine Loew, some rights reserved (CC-BY)",6cd3d6a01eae562ead3d17304cd19c1c99c5f90e834809379ff3fc41cec23fa3
Caretta caretta,308991743,https://inaturalist-open-data.s3.amazonaws.com/photos/308991743/medium.jpg,CC-BY 4.0,Petr Harant,petr286,2023-08-10,https://www.inaturalist.org/observations/177641081,"© Petr Harant, some rights reserved (CC-BY)",11cc5a30b3a6484f1f4e8f72084c173b30d180f523005590e8ad0dc7685bab7f
Caretta caretta,308991756,https://inaturalist-open-data.s3.amazonaws.com/photos/308991756/medium.jpg,CC-BY 4.0,Petr Harant,petr286,2023-08-10,https://www.inaturalist.org/observations/177641081,"© Petr Harant, some rights reserved (CC-BY)",08f2ef31b6b5e613a67def97b7808f3b14f789268380debec440252cfdcfb6aa
Caretta caretta,717715269,https://inaturalist-open-data.s3.amazonaws.com/photos/717715269/medium.jpg,CC-BY 4.0,Edoardo Razzetti,edorazzetti,2026-08-01,https://www.inaturalist.org/observations/391674660,"© Edoardo Razzetti, some rights reserved (CC-BY)",54be7ecc4aa695c17131eedee4295ecad03d51a6911a9b2320b0ad2d6edbd28d
Caretta caretta,436702671,https://inaturalist-open-data.s3.amazonaws.com/photos/436702671/medium.jpeg,CC-BY 4.0,Ben Jobson,benjobson,2024-09-29,https://www.inaturalist.org/observations/244789866,"© Ben Jobson, some rights reserved (CC-BY)",a1ee1c8e915bf1a2fa57417414706693dc29f2247b22b0fe96f7e292e571ad96
Caretta caretta,91128567,https://inaturalist-open-data.s3.amazonaws.com/photos/91128567/medium.jpeg,CC-BY 4.0,Katerina Kalogerini,katerinakalogerini,2020-08-19,https://www.inaturalist.org/observations/57146483,"© Katerina Kalogerini, some rights reserved (CC-BY)",481b08dcaba3e8695028596360794c046d51c427617240fd2cf66ee6d8e5ca93
Caretta caretta,91128599,https://inaturalist-open-data.s3.amazonaws.com/photos/91128599/medium.jpeg,CC-BY 4.0,Katerina Kalogerini,katerinakalogerini,2020-08-19,https://www.inaturalist.org/observations/57146483,"© Katerina Kalogerini, some rights reserved (CC-BY)",5a5fe08da4cd44058a84504f90c0b47380e73cc81f6127374b159a61f4140151
Caretta caretta,112103438,https://inaturalist-open-data.s3.amazonaws.com/photos/112103438/medium.jpeg,CC-BY 4.0,Yves Bas,yvesbas,2012-11-22,https://www.inaturalist.org/observations/69129075,"© Yves Bas, some rights reserved (CC-BY)",290a770f78d3c52782b6aeaf92f940c746b2be345173b936fdd43fd599756718
Caretta caretta,221681515,https://inaturalist-open-data.s3.amazonaws.com/photos/221681515/medium.jpg,CC-BY 4.0,andygpos,andygpos,2022-07-19,https://www.inaturalist.org/observations/130358948,"© andygpos, some rights reserved (CC-BY)",66a26ad71bf03f7ab797f58e80597145d8249eab96cb902a953e4cbcde259cbc
Caretta caretta,410463990,https://inaturalist-open-data.s3.amazonaws.com/photos/410463990/medium.jpeg,CC-BY 4.0,Michael Bommerer,michael_bommerer,2024-07-23,https://www.inaturalist.org/observations/231126579,"© Michael Bommerer, some rights reserved (CC-BY)",0734aeefbb9ae847a09f2a0a0b2d7886a6aa89523ba4585a33f1f6c84a52930e
Caretta caretta,410465361,https://inaturalist-open-data.s3.amazonaws.com/photos/410465361/medium.jpeg,CC-BY 4.0,Michael Bommerer,michael_bommerer,2024-07-23,https://www.inaturalist.org/observations/231126579,"© Michael Bommerer, some rights reserved (CC-BY)",6a1c5aab05a69e143bf0053b670192e93b661e70c0af19035244550ac6d39529
Caretta caretta,645548336,https://inaturalist-open-data.s3.amazonaws.com/photos/645548336/medium.jpg,CC-BY 4.0,Christine Loew,fresa_diving_caves,2026-04-24,https://www.inaturalist.org/observations/353837039,"© Christine Loew, some rights reserved (CC-BY)",a5726b388ac933a563f3016a893f41e8f79bf7b412b8ffcf18da8fee9111306e
Caretta caretta,207059997,https://inaturalist-open-data.s3.amazonaws.com/photos/207059997/medium.jpg,CC-BY 4.0,Vsevolod Rudyi,ruseva,2022-06-18,https://www.inaturalist.org/observations/122293326,"© Vsevolod Rudyi, some rights reserved (CC-BY)",5ed5ed70bf7ba6712297abbcc9cf5f2ec22802837cd2fd84d9bd9dad7c400771
Caretta caretta,309159276,https://inaturalist-open-data.s3.amazonaws.com/photos/309159276/medium.jpeg,CC-BY 4.0,Christine Loew,fresa_diving_caves,2017-07-01,https://www.inaturalist.org/observations/177734353,"© Christine Loew, some rights reserved (CC-BY)",760f8091d13f6c940269e2e100db4c3d6ab98ebd3b7f36eafadf7cfe245ab783
Limanda limanda,6977930,https://inaturalist-open-data.s3.amazonaws.com/photos/6977930/medium.jpg,CC-BY 4.0,Bernard Picton,bernardpicton,2014-03-06,https://www.inaturalist.org/observations/5639694,"© Bernard Picton, some rights reserved (CC-BY)",1ccf906004d8a69f733724d5d452613465b35a10637c1dc5a538056cf414bc3a
Limanda limanda,512482301,https://inaturalist-open-data.s3.amazonaws.com/photos/512482301/medium.jpg,CC-BY 4.0,Vsevolod Rudyi,ruseva,2025-05-29,https://www.inaturalist.org/observations/285130318,"© Vsevolod Rudyi, some rights reserved (CC-BY)",64364b58179d02bc6cf1f6d61deea5ab50161e4472464534a7f9ab610559af09
Limanda limanda,10226491,https://inaturalist-open-data.s3.amazonaws.com/photos/10226491/medium.jpg,CC-BY 4.0,Viktor V. Grøtan,viktorvg,2017-01-21,https://www.inaturalist.org/observations/7782252,"© Viktor V. Grøtan, some rights reserved (CC-BY)",84e00b9b96411fbfa0eedcfa3b4d9cb091ee4efab4e974609c0db004f36587aa
Limanda limanda,101475736,https://inaturalist-open-data.s3.amazonaws.com/photos/101475736/medium.jpeg,CC-BY 4.0,Klaus Kevin Kristensen,kkkristensen,2020-10-20,https://www.inaturalist.org/observations/63248309,"© Klaus Kevin Kristensen, some rights reserved (CC-BY)",583b19e31afcd22367729ed5031fe2860fbc3832052856498469355b5f423171
Limanda limanda,116686618,https://inaturalist-open-data.s3.amazonaws.com/photos/116686618/medium.jpg,CC-BY 4.0,Klaus Kevin Kristensen,kkkristensen,2021-03-19,https://www.inaturalist.org/observations/71650849,"© Klaus Kevin Kristensen, some rights reserved (CC-BY)",e858108316ec2f8c8aed72e7d63f5d843d214ac2a1414544f485ea542d0751d2
Limanda limanda,151517873,https://inaturalist-open-data.s3.amazonaws.com/photos/151517873/medium.jpg,CC-BY 4.0,Donald Davesne,donalddavesne,2021-07-27,https://www.inaturalist.org/observations/91586049,"© Donald Davesne, some rights reserved (CC-BY)",1c5ac9330f9cc0421f724ed3181554b2bffe92fa3f2cc1c43daf3f0ef2ab9fa3
Limanda limanda,151517915,https://inaturalist-open-data.s3.amazonaws.com/photos/151517915/medium.jpg,CC-BY 4.0,Donald Davesne,donalddavesne,2021-07-27,https://www.inaturalist.org/observations/91586049,"© Donald Davesne, some rights reserved (CC-BY)",eadb5933d966266f866c8cf33b37332b0786d26f3eb6086ac3fdc5d3e065a6da
Limanda limanda,151517902,https://inaturalist-open-data.s3.amazonaws.com/photos/151517902/medium.jpg,CC-BY 4.0,Donald Davesne,donalddavesne,2021-07-27,https://www.inaturalist.org/observations/91586049,"© Donald Davesne, some rights reserved (CC-BY)",17ae0edd7660440de0a59a5aab8f59e71a21109c7fb2cbac170aef7b1d13d8e1
Limanda limanda,151517893,https://inaturalist-open-data.s3.amazonaws.com/photos/151517893/medium.jpg,CC-BY 4.0,Donald Davesne,donalddavesne,2021-07-27,https://www.inaturalist.org/observations/91586049,"© Donald Davesne, some rights reserved (CC-BY)",1ec9677227e7586f47e3a27317231aafb11b63774224f66bbe01561fa2dfae25
Limanda limanda,329800257,https://inaturalist-open-data.s3.amazonaws.com/photos/329800257/medium.jpeg,CC-BY 4.0,Duncan Brooks,duncan-brooks,2023-10-21,https://www.inaturalist.org/observations/188415635,"© Duncan Brooks, some rights reserved (CC-BY)",a2789288ab3ae867dbc276cf7c34b7d69c0ef157fddf79ddabf572b32c9e583a
Limanda limanda,329800287,https://inaturalist-open-data.s3.amazonaws.com/photos/329800287/medium.jpeg,CC-BY 4.0,Duncan Brooks,duncan-brooks,2023-10-21,https://www.inaturalist.org/observations/188415635,"© Duncan Brooks, some rights reserved (CC-BY)",407167d6ba311d94f245b51c723b981af7675ccacdcbfb2bc8542bddf73a9ca5
Limanda limanda,624173625,https://inaturalist-open-data.s3.amazonaws.com/photos/624173625/medium.jpg,CC-BY 4.0,Roland Gromes,rolandgromes,2026-03-13,https://www.inaturalist.org/observations/342730428,"© Roland Gromes, some rights reserved (CC-BY)",6fe0622f9097f3f5434956ff0157e2009618cdf3595fc673159a082181180040
Limanda limanda,362222423,https://inaturalist-open-data.s3.amazonaws.com/photos/362222423/medium.jpg,CC-BY 4.0,Libby Keatley,libbykeatley,2024-03-31,https://www.inaturalist.org/observations/204896150,"© Libby Keatley, some rights reserved (CC-BY)",8bbbd44b20ae16e798b9131b0d65d49ad055c2d77d81079fee977d76ce6d7e13
Limanda limanda,253275416,https://inaturalist-open-data.s3.amazonaws.com/photos/253275416/medium.jpg,CC-BY 4.0,rmjb,rmjb,2023-01-23,https://www.inaturalist.org/observations/147214356,"© rmjb, some rights reserved (CC-BY)",bd0600396eb870c10ac69918cddf29e4ecb31e615e1aa0894b2ca44a365796f9
Limanda limanda,253275443,https://inaturalist-open-data.s3.amazonaws.com/photos/253275443/medium.jpg,CC-BY 4.0,rmjb,rmjb,2023-01-23,https://www.inaturalist.org/observations/147214356,"© rmjb, some rights reserved (CC-BY)",e7151cfde98250dbb3b3dad3032e275c848287440d44df182515ad89ff70da03
Limanda limanda,577442701,https://inaturalist-open-data.s3.amazonaws.com/photos/577442701/medium.jpg,CC-BY 4.0,Phill Robinson,phill-robinson,2025-10-07,https://www.inaturalist.org/observations/319444383,"© Phill Robinson, some rights reserved (CC-BY)",3f0a425c6c3812ce954bbebba933c6ce33b0583503f0f282fce8c0cc7ad53727
Limanda limanda,577442725,https://inaturalist-open-data.s3.amazonaws.com/photos/577442725/medium.jpg,CC-BY 4.0,Phill Robinson,phill-robinson,2025-10-07,https://www.inaturalist.org/observations/319444383,"© Phill Robinson, some rights reserved (CC-BY)",099d73fccc497dd266d72ef5581c8fc4dc9b60ec3842b441ee94b34264b11ff4
Limanda limanda,232152811,https://inaturalist-open-data.s3.amazonaws.com/photos/232152811/medium.jpeg,CC-BY 4.0,Jon Jorgensen,jonjorgensen,2022-09-22,https://www.inaturalist.org/observations/136056898,"© Jon Jorgensen, some rights reserved (CC-BY)",b0598e9d14fecf4c39acc502a078ca41902fdaa6f13793ceb674d7e87123df23
Limanda limanda,232152839,https://inaturalist-open-data.s3.amazonaws.com/photos/232152839/medium.jpeg,CC-BY 4.0,Jon Jorgensen,jonjorgensen,2022-09-22,https://www.inaturalist.org/observations/136056898,"© Jon Jorgensen, some rights reserved (CC-BY)",43496709341556e817fcfd228b4ba47146d883b13e63396c2e0ea1d2e915fa3e
Limanda limanda,578359735,https://inaturalist-open-data.s3.amazonaws.com/photos/578359735/medium.jpg,CC-BY 4.0,Malte Krömer,malte_kroemer,2025-10-10,https://www.inaturalist.org/observations/319919922,"© Malte Krömer, some rights reserved (CC-BY)",91c1adfb861495bd00f25b885c2496d50d1d4b89e1d5b192bef6788f73453bbe
Limanda limanda,473250532,https://inaturalist-open-data.s3.amazonaws.com/photos/473250532/medium.jpg,CC-BY 4.0,rmjb,rmjb,2025-02-28,https://www.inaturalist.org/observations/263432546,"© rmjb, some rights reserved (CC-BY)",2c0737bd19b3ba29a66e5b2136dc2f487bc3d985ad828af0a18f7bba2f754889
Limanda limanda,473250559,https://inaturalist-open-data.s3.amazonaws.com/photos/473250559/medium.jpg,CC-BY 4.0,rmjb,rmjb,2025-02-28,https://www.inaturalist.org/observations/263432546,"© rmjb, some rights reserved (CC-BY)",6eddaffc40d1701de35adf39a04e8ab7fe32df76a9727f5ceb418e8d9f710ba7
Limanda limanda,617281580,https://inaturalist-open-data.s3.amazonaws.com/photos/617281580/medium.jpg,CC-BY 4.0,rmjb,rmjb,2026-02-19,https://www.inaturalist.org/observations/339336563,"© rmjb, some rights reserved (CC-BY)",c68c6a839bd604551971b5352f17e497cbb1c95c749aa8170694467c698ab450
Limanda limanda,617286877,https://inaturalist-open-data.s3.amazonaws.com/photos/617286877/medium.jpg,CC-BY 4.0,rmjb,rmjb,2026-02-19,https://www.inaturalist.org/observations/339336563,"© rmjb, some rights reserved (CC-BY)",d2caab27d8a0d155b6ea1c3a4f0ca06fdb5f4c0d37165561d8f70592649be243
Pollachius pollachius,231750486,https://inaturalist-open-data.s3.amazonaws.com/photos/231750486/medium.jpg,CC-BY 4.0,Donald Davesne,donalddavesne,2022-09-18,https://www.inaturalist.org/observations/135841734,"© Donald Davesne, some rights reserved (CC-BY)",d556387a302a628c2b24d3e578fa451ab53596991e2716cbee8be226fdf995af
Pollachius pollachius,469523629,https://inaturalist-open-data.s3.amazonaws.com/photos/469523629/medium.png,CC-BY 4.0,celticdeep,celticdeep,2024-06-24,https://www.inaturalist.org/observations/261356885,"© celticdeep, some rights reserved (CC-BY)",2e850e7ca2d441fc14324de24f498d04cc599e8f43e53a53d52f09348d275386
Pollachius pollachius,469532996,https://inaturalist-open-data.s3.amazonaws.com/photos/469532996/medium.png,CC-BY 4.0,celticdeep,celticdeep,2024-06-24,https://www.inaturalist.org/observations/261360776,"© celticdeep, some rights reserved (CC-BY)",cc31602bf1064daa13af9699a97aedfdbd9878e803bf33635b1833e7670e64a6
Pollachius pollachius,421741879,https://inaturalist-open-data.s3.amazonaws.com/photos/421741879/medium.jpeg,CC-BY 4.0,Nicola Crockford,nicolacrockford,2024-08-20,https://www.inaturalist.org/observations/237010276,"© Nicola Crockford, some rights reserved (CC-BY)",06425e36220914789bbe49a0364323d126868d8f67d10e35ab087f674956e567
Pollachius pollachius,421741883,https://inaturalist-open-data.s3.amazonaws.com/photos/421741883/medium.jpeg,CC-BY 4.0,Nicola Crockford,nicolacrockford,2024-08-20,https://www.inaturalist.org/observations/237010276,"© Nicola Crockford, some rights reserved (CC-BY)",70f50d9fb4dbb0166ae04dce9fa01c10b1a209b86afdbbed519b5887efb780d3
Pollachius pollachius,477253916,https://inaturalist-open-data.s3.amazonaws.com/photos/477253916/medium.png,CC-BY 4.0,celticdeep,celticdeep,2024-10-02,https://www.inaturalist.org/observations/265678587,"© celticdeep, some rights reserved (CC-BY)",9daec82cc26514feed6dfeadff98e4a9b56fe95532f75f796e6d00cd1e702a9d
Pollachius pollachius,477254548,https://inaturalist-open-data.s3.amazonaws.com/photos/477254548/medium.png,CC-BY 4.0,celticdeep,celticdeep,2024-10-02,https://www.inaturalist.org/observations/265678599,"© celticdeep, some rights reserved (CC-BY)",ac908a54991059932e72eb7fa8ceaad4c75a41fd6ff9d21329001d08b30fcccd
Pollachius pollachius,448419164,https://inaturalist-open-data.s3.amazonaws.com/photos/448419164/medium.png,CC-BY 4.0,celticdeep,celticdeep,2024-06-17,https://www.inaturalist.org/observations/250696993,"© celticdeep, some rights reserved (CC-BY)",b3b44113cb8c3402047ae5e457e320c3120b9c606469d90e655aab7dc5771e6a
Pollachius pollachius,448420368,https://inaturalist-open-data.s3.amazonaws.com/photos/448420368/medium.png,CC-BY 4.0,celticdeep,celticdeep,2024-06-17,https://www.inaturalist.org/observations/250697031,"© celticdeep, some rights reserved (CC-BY)",e7e241904eee15c041e79d5233aeeff235a81fe7b0c7e8d6d7bca8802c488321
Pollachius pollachius,476481318,https://inaturalist-open-data.s3.amazonaws.com/photos/476481318/medium.png,CC-BY 4.0,celticdeep,celticdeep,2024-09-12,https://www.inaturalist.org/observations/265284182,"© celticdeep, some rights reserved (CC-BY)",039f30e5c42d07ea485339e3a37964c3a7ed1e8f7db25cb76577a820a8f350d3
Pollachius pollachius,469525748,https://inaturalist-open-data.s3.amazonaws.com/photos/469525748/medium.png,CC-BY 4.0,celticdeep,celticdeep,2024-06-24,https://www.inaturalist.org/observations/261358822,"© celticdeep, some rights reserved (CC-BY)",57b89e809ddc8934f19ad728fce880dcc6c4b24f2bbb6115b74c723342968ee0
Pollachius pollachius,469525734,https://inaturalist-open-data.s3.amazonaws.com/photos/469525734/medium.png,CC-BY 4.0,celticdeep,celticdeep,2024-06-24,https://www.inaturalist.org/observations/261358822,"© celticdeep, some rights reserved (CC-BY)",8d44363d441d504fda6720e301169f2c82531653ba1ac5957faf34c26d138ca9
Pollachius pollachius,448000597,https://inaturalist-open-data.s3.amazonaws.com/photos/448000597/medium.png,CC-BY 4.0,celticdeep,celticdeep,2024-05-08,https://www.inaturalist.org/observations/250489215,"© celticdeep, some rights reserved (CC-BY)",6802999a42f9ba6647a4349453d2e2a6802ac12850dedd85547d3ee0281944fc
Pollachius pollachius,448000575,https://inaturalist-open-data.s3.amazonaws.com/photos/448000575/medium.png,CC-BY 4.0,celticdeep,celticdeep,2024-05-08,https://www.inaturalist.org/observations/250489215,"© celticdeep, some rights reserved (CC-BY)",d3736a0ee46f0fa1d9b17152863e4ea60faf35ed4ad097e54aa7e5578f754f5e
Pollachius pollachius,448418276,https://inaturalist-open-data.s3.amazonaws.com/photos/448418276/medium.png,CC-BY 4.0,celticdeep,celticdeep,2024-06-17,https://www.inaturalist.org/observations/250696988,"© celticdeep, some rights reserved (CC-BY)",7794cd6be2de0f5e092731e060c0de3893e97fe5eb0f207af5ffb47b648d9451
Pollachius pollachius,448418277,https://inaturalist-open-data.s3.amazonaws.com/photos/448418277/medium.png,CC-BY 4.0,celticdeep,celticdeep,2024-06-17,https://www.inaturalist.org/observations/250696988,"© celticdeep, some rights reserved (CC-BY)",3ccd6cded0b943757e9d000375ccf15fa4283b7870bb7a3137b335093c4668e7
Pollachius pollachius,440353203,https://inaturalist-open-data.s3.amazonaws.com/photos/440353203/medium.png,CC-BY 4.0,celticdeep,celticdeep,2022-10-11,https://www.inaturalist.org/observations/246644928,"© celticdeep, some rights reserved (CC-BY)",a2a3ecc1f29567458d3b81609dc6b228684c7bd0be005d5310a780979c6b6a27
Pollachius pollachius,440353166,https://inaturalist-open-data.s3.amazonaws.com/photos/440353166/medium.png,CC-BY 4.0,celticdeep,celticdeep,2022-10-11,https://www.inaturalist.org/observations/246644928,"© celticdeep, some rights reserved (CC-BY)",bd61480fb706b10d00799c7895a17d895d9f5121dc97974545d5d90c5d9f23c6
Pollachius pollachius,440352484,https://inaturalist-open-data.s3.amazonaws.com/photos/440352484/medium.png,CC-BY 4.0,celticdeep,celticdeep,2022-10-11,https://www.inaturalist.org/observations/246644927,"© celticdeep, some rights reserved (CC-BY)",c6a11ce96916952561e9c3a36ca861b1a3bb809d914b584d9a14ce16bdffaba9
Pollachius pollachius,440352524,https://inaturalist-open-data.s3.amazonaws.com/photos/440352524/medium.png,CC-BY 4.0,celticdeep,celticdeep,2022-10-11,https://www.inaturalist.org/observations/246644927,"© celticdeep, some rights reserved (CC-BY)",1d3c6c153e6815b738cff93e6c1f97a35386aeb57740bf40838081dcb965d65b
Pollachius pollachius,469532025,https://inaturalist-open-data.s3.amazonaws.com/photos/469532025/medium.png,CC-BY 4.0,celticdeep,celticdeep,2024-06-24,https://www.inaturalist.org/observations/261360762,"© celticdeep, some rights reserved (CC-BY)",0bfb36946d95da766d3f95ec9fd7ee5913a9da69a09afbe6dfe8a44ff4674cc8
Pollachius pollachius,439719423,https://inaturalist-open-data.s3.amazonaws.com/photos/439719423/medium.png,CC-BY 4.0,celticdeep,celticdeep,2022-10-03,https://www.inaturalist.org/observations/246323546,"© celticdeep, some rights reserved (CC-BY)",229341a1e6abc50474ad165e90c9a7259f84291989be2b55eed342a83cbc21e0
Pollachius pollachius,439719396,https://inaturalist-open-data.s3.amazonaws.com/photos/439719396/medium.png,CC-BY 4.0,celticdeep,celticdeep,2022-10-03,https://www.inaturalist.org/observations/246323546,"© celticdeep, some rights reserved (CC-BY)",c6b5896feb4804358fbe37d365f68757bb0bf293f59d7e64d589f6d1a6ca1514
Pollachius pollachius,446545412,https://inaturalist-open-data.s3.amazonaws.com/photos/446545412/medium.png,CC-BY 4.0,celticdeep,celticdeep,2023-10-31,https://www.inaturalist.org/observations/249764786,"© celticdeep, some rights reserved (CC-BY)",dbe003d28355a6a01000e0c5ab7ddf792841e81f387ccae4404002b3ede96582
Pollachius pollachius,446545413,https://inaturalist-open-data.s3.amazonaws.com/photos/446545413/medium.png,CC-BY 4.0,celticdeep,celticdeep,2023-10-31,https://www.inaturalist.org/observations/249764786,"© celticdeep, some rights reserved (CC-BY)",bd1e2860d6e2e6fd6a63e9c812d63656a17a83812732c291ded1320aba4238d0
Pollachius pollachius,407930414,https://inaturalist-open-data.s3.amazonaws.com/photos/407930414/medium.jpg,CC-BY 4.0,Julien Renoult,jujurenoult,2024-07-14,https://www.inaturalist.org/observations/229791958,"© Julien Renoult, some rights reserved (CC-BY)",e31be33c9a2f719530f1de973064524f972cd21052e553c1f975113dda96623f
Sepia officinalis,520832703,https://inaturalist-open-data.s3.amazonaws.com/photos/520832703/medium.jpg,CC-BY 4.0,Charlotte Kirchner,charlottekirchner,2025-06-14,https://www.inaturalist.org/observations/289568721,"© Charlotte Kirchner, some rights reserved (CC-BY)",cf40a07823a0dd933d4943151b61200c2587ea89d62705db7f10b597aa0d6481
Sepia officinalis,520832816,https://inaturalist-open-data.s3.amazonaws.com/photos/520832816/medium.jpg,CC-BY 4.0,Charlotte Kirchner,charlottekirchner,2025-06-14,https://www.inaturalist.org/observations/289568721,"© Charlotte Kirchner, some rights reserved (CC-BY)",05ca865430440740e3613993efcb3ab6f88c78263690039ccc1caf8eff2f3bfc
Sepia officinalis,48352484,https://inaturalist-open-data.s3.amazonaws.com/photos/48352484/medium.jpeg,CC-BY 4.0,Katerina Kalogerini,katerinakalogerini,2019-08-16,https://www.inaturalist.org/observations/30927192,"© Katerina Kalogerini, some rights reserved (CC-BY)",5d395a6319c32521dd76ef33b2a994500e6451ef8c1a50e77e3caa15eba07699
Sepia officinalis,250529075,https://inaturalist-open-data.s3.amazonaws.com/photos/250529075/medium.jpeg,CC-BY 4.0,Samuele Papeschi,geologyistheway,2013-06-05,https://www.inaturalist.org/observations/145806068,"© Samuele Papeschi, some rights reserved (CC-BY)",d0f77bcdf27a3560e43721850943493a8ad302efb36e7c76c73667b789328355
Sepia officinalis,250529101,https://inaturalist-open-data.s3.amazonaws.com/photos/250529101/medium.jpeg,CC-BY 4.0,Samuele Papeschi,geologyistheway,2013-06-05,https://www.inaturalist.org/observations/145806068,"© Samuele Papeschi, some rights reserved (CC-BY)",f5da843765b08c9f434c519a34e257e9f0934c43192d8e8b92b303fe6dda9980
Sepia officinalis,440078440,https://inaturalist-open-data.s3.amazonaws.com/photos/440078440/medium.jpeg,CC-BY 4.0,Michael Bommerer,michael_bommerer,2024-10-09,https://www.inaturalist.org/observations/246503381,"© Michael Bommerer, some rights reserved (CC-BY)",8bafae4dd27e5c9477cf6622029df77c4ad7d6307261b74c5467756b4f3b5d37
Sepia officinalis,440078998,https://inaturalist-open-data.s3.amazonaws.com/photos/440078998/medium.jpeg,CC-BY 4.0,Michael Bommerer,michael_bommerer,2024-10-09,https://www.inaturalist.org/observations/246503381,"© Michael Bommerer, some rights reserved (CC-BY)",04073a249864e501d2badca484281d342c3fa38b3ac738cbcd0bf8102c01853d
Sepia officinalis,328776197,https://inaturalist-open-data.s3.amazonaws.com/photos/328776197/medium.jpeg,CC-BY 4.0,Philipp,phiro,2023-10-01,https://www.inaturalist.org/observations/187936458,"© Philipp, some rights reserved (CC-BY)",6cc33424ceb9b31924eece1104e5d21d0fc968a966aa63419b2152e5e8834b7a
Sepia officinalis,456583889,https://inaturalist-open-data.s3.amazonaws.com/photos/456583889/medium.jpg,CC-BY 4.0,Donald Davesne,donalddavesne,2024-09-03,https://www.inaturalist.org/observations/254853481,"© Donald Davesne, some rights reserved (CC-BY)",181c215e82d3df4762380d2a2d20e2c6852157dd2ecb9fc7ed7cabc7f6a800c0
Sepia officinalis,456583909,https://inaturalist-open-data.s3.amazonaws.com/photos/456583909/medium.jpg,CC-BY 4.0,Donald Davesne,donalddavesne,2024-09-03,https://www.inaturalist.org/observations/254853481,"© Donald Davesne, some rights reserved (CC-BY)",9a8a1fbc4e3b0b55d0bb106c101884d70baaa0680f01897c1da7debcc8ec5f10
Sepia officinalis,442345541,https://inaturalist-open-data.s3.amazonaws.com/photos/442345541/medium.jpeg,CC-BY 4.0,Michael Bommerer,michael_bommerer,2024-10-16,https://www.inaturalist.org/observations/247648491,"© Michael Bommerer, some rights reserved (CC-BY)",5651a942bb5daa54f10a50a597039156cd9eb76172841a6d2f290a3abd0d19ad
Sepia officinalis,442345706,https://inaturalist-open-data.s3.amazonaws.com/photos/442345706/medium.jpeg,CC-BY 4.0,Michael Bommerer,michael_bommerer,2024-10-16,https://www.inaturalist.org/observations/247648491,"© Michael Bommerer, some rights reserved (CC-BY)",8c1be11a224ab53f5df319b8beee4d2a49329d0275ba2130ba62041e6f03dbce
Sepia officinalis,6996292,https://inaturalist-open-data.s3.amazonaws.com/photos/6996292/medium.jpg,CC-BY 4.0,Bernard Picton,bernardpicton,2008-05-18,https://www.inaturalist.org/observations/5651769,"© Bernard Picton, some rights reserved (CC-BY)",acc5e95eac747ca449d5297e1595d198dd9d046859577da571dc89ced2557857
Sepia officinalis,516150257,https://inaturalist-open-data.s3.amazonaws.com/photos/516150257/medium.jpg,CC-BY 4.0,Charlotte Kirchner,charlottekirchner,2025-06-05,https://www.inaturalist.org/observations/287074206,"© Charlotte Kirchner, some rights reserved (CC-BY)",a8a4f15000630cf2103f62a40fc56aa7d5f2cbe1333ee2055d9526984d65c19a
Sepia officinalis,516150456,https://inaturalist-open-data.s3.amazonaws.com/photos/516150456/medium.jpg,CC-BY 4.0,Charlotte Kirchner,charlottekirchner,2025-06-05,https://www.inaturalist.org/observations/287074206,"© Charlotte Kirchner, some rights reserved (CC-BY)",13994b2dfb62a662b7b0c4bc7c9a3f4f531208fc5fcff128de84b034f05799d9
Sepia officinalis,455894086,https://inaturalist-open-data.s3.amazonaws.com/photos/455894086/medium.jpg,CC-BY 4.0,Donald Davesne,donalddavesne,2024-09-03,https://www.inaturalist.org/observations/254512015,"© Donald Davesne, some rights reserved (CC-BY)",aa1cfd8de5e634c93bcdf13e70399730fb38f4b688852feaf31478a0ea9f2e7b
Sepia officinalis,455893918,https://inaturalist-open-data.s3.amazonaws.com/photos/455893918/medium.jpg,CC-BY 4.0,Donald Davesne,donalddavesne,2024-09-03,https://www.inaturalist.org/observations/254512015,"© Donald Davesne, some rights reserved (CC-BY)",ec58844a49ba0eba1efd86b338759c55177a52f8073a9d8fdc200db30c2d0e1f
Sepia officinalis,687820036,https://inaturalist-open-data.s3.amazonaws.com/photos/687820036/medium.jpg,CC-BY 4.0,Oliver Power,oliverp_05,2026-06-28,https://www.inaturalist.org/observations/376201445,"© Oliver Power, some rights reserved (CC-BY)",20d05d3ae4662d8cc0bfac372e74babd10dc0ed6ebba8cf289858025359c0769
Sepia officinalis,501989292,https://inaturalist-open-data.s3.amazonaws.com/photos/501989292/medium.jpeg,CC-BY 4.0,Jacek Pietruszewski,hyacinthus,2025-05-08,https://www.inaturalist.org/observations/279543804,"© Jacek Pietruszewski, some rights reserved (CC-BY)",d0a7065f268a0d94fafc7df72dcedd746b8a33e25db278d88ec0d5a9d3df7351
Sepia officinalis,501989328,https://inaturalist-open-data.s3.amazonaws.com/photos/501989328/medium.jpeg,CC-BY 4.0,Jacek Pietruszewski,hyacinthus,2025-05-08,https://www.inaturalist.org/observations/279543804,"© Jacek Pietruszewski, some rights reserved (CC-BY)",987971f40c0896fad881605718650a7dc9e7b1a0edebdc06d617e72610520987
Sepia officinalis,454853333,https://inaturalist-open-data.s3.amazonaws.com/photos/454853333/medium.jpg,CC-BY 4.0,Donald Davesne,donalddavesne,2024-09-03,https://www.inaturalist.org/observations/253989088,"© Donald Davesne, some rights reserved (CC-BY)",22cfa5b464fc86fe0c9030e4cb37a4899cb759e24dabbc55d583893739eb7343
Sepia officinalis,454853304,https://inaturalist-open-data.s3.amazonaws.com/photos/454853304/medium.jpg,CC-BY 4.0,Donald Davesne,donalddavesne,2024-09-03,https://www.inaturalist.org/observations/253989088,"© Donald Davesne, some rights reserved (CC-BY)",4f6f93c000167278349fe247f4fb7cc61e4441b4b97aa754dcec7cf6f0728da7
Sepia officinalis,388216448,https://inaturalist-open-data.s3.amazonaws.com/photos/388216448/medium.jpg,CC-BY 4.0,Michael Bommerer,michael_bommerer,2024-05-29,https://www.inaturalist.org/observations/219335908,"© Michael Bommerer, some rights reserved (CC-BY)",2311bdf20eabf81556caba799a2acb625cfe11790de368eb5f52963dedf37d48
Sepia officinalis,388216608,https://inaturalist-open-data.s3.amazonaws.com/photos/388216608/medium.jpg,CC-BY 4.0,Michael Bommerer,michael_bommerer,2024-05-29,https://www.inaturalist.org/observations/219335908,"© Michael Bommerer, some rights reserved (CC-BY)",d7dd84b324852ec730a414f0a30289472f64754f74ec404ce7555c8391afecc3
Sepia officinalis,242547500,https://inaturalist-open-data.s3.amazonaws.com/photos/242547500/medium.jpeg,CC-BY 4.0,shahar chaikin,shaharchaikin,2019-02-25,https://www.inaturalist.org/observations/141561892,"© shahar chaikin, some rights reserved (CC-BY)",2e1a2bbb2c685de068b564073937f85814a465fcb64bd1eb0775a5408c127288
Sepia officinalis,242547535,https://inaturalist-open-data.s3.amazonaws.com/photos/242547535/medium.jpeg,CC-BY 4.0,shahar chaikin,shaharchaikin,2019-02-25,https://www.inaturalist.org/observations/141561892,"© shahar chaikin, some rights reserved (CC-BY)",a65fabba1b295ec4d6241086725c1c45ec688a2dfc323ad7920ff4f8e3bb799b
Urticina felina,451366236,https://inaturalist-open-data.s3.amazonaws.com/photos/451366236/medium.jpg,CC-BY 4.0,Donald Davesne,,,https://www.inaturalist.org/observations/252173527,"© Donald Davesne, some rights reserved (CC-BY)",90b2c961601fa9e252b8f8e6ce543e34ef439876095ebf13d6681126723a6d48
